INFO:logger:
---------------------------------------------------------------
API v1.0 online: http://localhost:8080/departments/


INFO:logger:
---------------------------------------------------------------
API v1.0 online: http://localhost:8080/departments/


INFO:logger:
---------------------------------------------------------------
API v1.0 online: http://localhost:8080/departments/


INFO:werkzeug:[31m[1mWARNING: This is a development server. Do not use it in a production deployment. Use a production WSGI server instead.[0m
 * Running on all addresses (0.0.0.0)
 * Running on http://127.0.0.1:8080
 * Running on http://194.210.173.9:8080
INFO:werkzeug:[33mPress CTRL+C to quit[0m
INFO:werkzeug: * Restarting with stat
INFO:logger:
---------------------------------------------------------------
API v1.0 online: http://localhost:8080/departments/


WARNING:werkzeug: * Debugger is active!
INFO:werkzeug: * Debugger PIN: 990-409-004
INFO:logger:###              DEMO: GET /departments              ###
DEBUG:logger:---- departments  ----
DEBUG:logger:(Decimal('10'), 'Contabilidade', 'Condeixa')
DEBUG:logger:(Decimal('20'), 'Investigacao', 'Mealhada')
DEBUG:logger:(Decimal('30'), 'Vendas', 'Coimbra')
DEBUG:logger:(Decimal('40'), 'Planeamento', 'Montemor')
INFO:werkzeug:127.0.0.1 - - [03/Dec/2024 20:55:53] "GET /departments/ HTTP/1.1" 200 -
INFO:werkzeug:127.0.0.1 - - [03/Dec/2024 21:30:29] "[33mPOST /utilizador HTTP/1.1[0m" 404 -
INFO:werkzeug:127.0.0.1 - - [03/Dec/2024 21:34:56] "[33mPOST /utilizador HTTP/1.1[0m" 404 -
INFO:werkzeug: * Detected change in '/Users/laura_barreto06/Desktop/sgd-demo-2024-main/python/app/demo-api-sgd.py', reloading
INFO:werkzeug: * Restarting with stat
INFO:logger:
---------------------------------------------------------------
API v1.0 online: http://localhost:8080/departments/


INFO:werkzeug:[31m[1mWARNING: This is a development server. Do not use it in a production deployment. Use a production WSGI server instead.[0m
 * Running on all addresses (0.0.0.0)
 * Running on http://127.0.0.1:8080
 * Running on http://192.168.0.194:8080
INFO:werkzeug:[33mPress CTRL+C to quit[0m
INFO:werkzeug: * Restarting with stat
INFO:logger:
---------------------------------------------------------------
API v1.0 online: http://localhost:8080/departments/


WARNING:werkzeug: * Debugger is active!
INFO:werkzeug: * Debugger PIN: 118-436-483
INFO:werkzeug:127.0.0.1 - - [04/Dec/2024 13:14:31] "[33mPOST /utilizador HTTP/1.1[0m" 404 -
INFO:werkzeug:127.0.0.1 - - [04/Dec/2024 13:31:42] "[33mPOST /utilizador HTTP/1.1[0m" 404 -
INFO:logger:###              DEMO: POST /departments              ###
INFO:logger:---- new department  ----
DEBUG:logger:payload: {'username': 'andre', 'email': 'andre@example.com', 'password': 'senha123'}
INFO:werkzeug:127.0.0.1 - - [04/Dec/2024 13:31:55] "[35m[1mPOST /departments/ HTTP/1.1[0m" 500 -
INFO:werkzeug:127.0.0.1 - - [04/Dec/2024 13:32:28] "[31m[1mPOST / HTTP/1.1[0m" 405 -
INFO:werkzeug:127.0.0.1 - - [04/Dec/2024 13:32:34] "[32mPOST /departments HTTP/1.1[0m" 308 -
INFO:logger:###              DEMO: POST /departments              ###
INFO:logger:---- new department  ----
DEBUG:logger:payload: {'username': 'andre', 'email': 'andre@example.com', 'password': 'senha123'}
INFO:werkzeug:127.0.0.1 - - [04/Dec/2024 13:32:34] "[35m[1mPOST /departments/ HTTP/1.1[0m" 500 -
INFO:werkzeug:127.0.0.1 - - [04/Dec/2024 13:32:56] "[31m[1mPOST /departments/10 HTTP/1.1[0m" 405 -
INFO:logger:###              DEMO: GET /departments/<ndep>              ###
DEBUG:logger:ndep: 10
DEBUG:logger:---- selected department  ----
DEBUG:logger:(Decimal('10'), 'Contabilidade', 'Condeixa')
INFO:werkzeug:127.0.0.1 - - [04/Dec/2024 13:33:03] "GET /departments/10 HTTP/1.1" 200 -
INFO:logger:###              DEMO: GET /departments              ###
DEBUG:logger:---- departments  ----
DEBUG:logger:(Decimal('10'), 'Contabilidade', 'Condeixa')
DEBUG:logger:(Decimal('20'), 'Investigacao', 'Mealhada')
DEBUG:logger:(Decimal('30'), 'Vendas', 'Coimbra')
DEBUG:logger:(Decimal('40'), 'Planeamento', 'Montemor')
INFO:werkzeug:127.0.0.1 - - [04/Dec/2024 13:33:15] "GET /departments/ HTTP/1.1" 200 -
INFO:logger:###              DEMO: POST /departments              ###
INFO:logger:---- new department  ----
DEBUG:logger:payload: {'localidade': 'lisboa', 'ndep': '50', 'nome': 'Tratamento de Imagem'}
ERROR:logger:value too long for type character varying(15)

INFO:werkzeug:127.0.0.1 - - [04/Dec/2024 15:04:05] "POST /departments/ HTTP/1.1" 200 -
INFO:logger:###              DEMO: POST /departments              ###
INFO:logger:---- new department  ----
DEBUG:logger:payload: {'localidade': 'lisboa', 'ndep': '50', 'nome': 'Tratamento de Imagem'}
ERROR:logger:value too long for type character varying(15)

INFO:werkzeug:127.0.0.1 - - [04/Dec/2024 15:04:34] "POST /departments/ HTTP/1.1" 200 -
INFO:werkzeug:127.0.0.1 - - [04/Dec/2024 15:07:21] "[33mPOST /utilizador/ HTTP/1.1[0m" 404 -
INFO:werkzeug:127.0.0.1 - - [04/Dec/2024 15:08:30] "[33mPOST /utilizador/ HTTP/1.1[0m" 404 -
INFO:logger:###              DEMO: POST /departments              ###
INFO:logger:---- new department  ----
DEBUG:logger:payload: {'localidade': 'lisboa', 'ndep': '50', 'nome': 'Imagem'}
INFO:werkzeug:127.0.0.1 - - [04/Dec/2024 15:09:44] "POST /departments/ HTTP/1.1" 200 -
INFO:logger:###              DEMO: POST /departments              ###
INFO:logger:---- new department  ----
DEBUG:logger:payload: {'username': 'test_user', 'email': 'test_user@example.com', 'password': '12345'}
INFO:werkzeug:127.0.0.1 - - [04/Dec/2024 15:20:32] "[35m[1mPOST /departments/ HTTP/1.1[0m" 500 -
INFO:werkzeug:127.0.0.1 - - [04/Dec/2024 15:20:47] "[33mPOST /utilizador/ HTTP/1.1[0m" 404 -
INFO:werkzeug:127.0.0.1 - - [04/Dec/2024 15:21:31] "[33mGET /utilizador/ HTTP/1.1[0m" 404 -
INFO:werkzeug: * Detected change in '/Users/laura_barreto06/sgd-demo-2024-main/python/app/demo-api-sgd.py', reloading
INFO:werkzeug: * Restarting with stat
INFO:logger:
---------------------------------------------------------------
API v1.0 online: http://localhost:8080/utilizador/


WARNING:werkzeug: * Debugger is active!
INFO:werkzeug: * Debugger PIN: 118-436-483
INFO:logger:
---------------------------------------------------------------
API v1.0 online: http://localhost:8080/utilizador/


INFO:logger:
---------------------------------------------------------------
API v1.0 online: http://localhost:8080/utilizador/


INFO:werkzeug:[31m[1mWARNING: This is a development server. Do not use it in a production deployment. Use a production WSGI server instead.[0m
 * Running on all addresses (0.0.0.0)
 * Running on http://127.0.0.1:8080
 * Running on http://192.168.0.194:8080
INFO:werkzeug:[33mPress CTRL+C to quit[0m
INFO:werkzeug: * Restarting with stat
INFO:logger:
---------------------------------------------------------------
API v1.0 online: http://localhost:8080/utilizador/


WARNING:werkzeug: * Debugger is active!
INFO:werkzeug: * Debugger PIN: 118-436-483
INFO:logger:###              DEMO: POST /utilizador             ###
INFO:logger:---- Novo utilizador  ----
DEBUG:logger:payload: {'username': 'test_user', 'email': 'test_user@example.com', 'password': '12345'}
INFO:werkzeug:127.0.0.1 - - [04/Dec/2024 15:25:03] "POST /utilizador/ HTTP/1.1" 200 -
INFO:logger:###              DEMO: POST /utilizador             ###
INFO:logger:---- Novo utilizador  ----
DEBUG:logger:payload: {'username': 'test_user', 'email': 'test_user@example.com', 'password': '12345'}
INFO:werkzeug:127.0.0.1 - - [04/Dec/2024 15:41:28] "POST /utilizador/ HTTP/1.1" 200 -
INFO:werkzeug: * Detected change in '/Users/laura_barreto06/sgd-demo-2024-main/python/app/demo-api-sgd.py', reloading
INFO:werkzeug: * Restarting with stat
INFO:logger:
---------------------------------------------------------------
API v1.0 online: http://localhost:8080/utilizador/


WARNING:werkzeug: * Debugger is active!
INFO:werkzeug: * Debugger PIN: 118-436-483
INFO:logger:
---------------------------------------------------------------
API v1.0 online: http://localhost:8080/utilizador/


INFO:werkzeug:[31m[1mWARNING: This is a development server. Do not use it in a production deployment. Use a production WSGI server instead.[0m
 * Running on all addresses (0.0.0.0)
 * Running on http://127.0.0.1:8080
 * Running on http://192.168.0.194:8080
INFO:werkzeug:[33mPress CTRL+C to quit[0m
INFO:werkzeug: * Restarting with stat
INFO:logger:
---------------------------------------------------------------
API v1.0 online: http://localhost:8080/utilizador/


WARNING:werkzeug: * Debugger is active!
INFO:werkzeug: * Debugger PIN: 118-436-483
INFO:logger:###              DEMO: POST /utilizador             ###
INFO:logger:---- Novo utilizador  ----
DEBUG:logger:payload: {'username': 'test_user', 'email': 'test_user@example.com', 'password': '12345'}
ERROR:logger:duplicate key value violates unique constraint "utilizador_pkey"
DETAIL:  Key (username)=(test_user) already exists.

INFO:werkzeug:127.0.0.1 - - [04/Dec/2024 15:43:27] "POST /utilizador/ HTTP/1.1" 200 -
INFO:logger:###              DEMO: POST /utilizador             ###
INFO:logger:---- Novo utilizador  ----
DEBUG:logger:payload: {'username': 'test_user', 'email': 'test_user@example.com', 'password': '12345'}
ERROR:logger:name 'username' is not defined
INFO:werkzeug:127.0.0.1 - - [04/Dec/2024 15:44:35] "POST /utilizador/ HTTP/1.1" 200 -
INFO:logger:
---------------------------------------------------------------
API v1.0 online: http://localhost:8080/utilizador/


INFO:werkzeug:[31m[1mWARNING: This is a development server. Do not use it in a production deployment. Use a production WSGI server instead.[0m
 * Running on all addresses (0.0.0.0)
 * Running on http://127.0.0.1:8080
 * Running on http://172.18.0.3:8080
INFO:werkzeug:[33mPress CTRL+C to quit[0m
INFO:werkzeug: * Restarting with stat
INFO:logger:
---------------------------------------------------------------
API v1.0 online: http://localhost:8080/utilizador/


WARNING:werkzeug: * Debugger is active!
INFO:werkzeug: * Debugger PIN: 293-815-443
INFO:logger:
---------------------------------------------------------------
API v1.0 online: http://localhost:8080/utilizador/


INFO:werkzeug:[31m[1mWARNING: This is a development server. Do not use it in a production deployment. Use a production WSGI server instead.[0m
 * Running on all addresses (0.0.0.0)
 * Running on http://127.0.0.1:8080
 * Running on http://172.18.0.3:8080
INFO:werkzeug:[33mPress CTRL+C to quit[0m
INFO:werkzeug: * Restarting with stat
INFO:logger:
---------------------------------------------------------------
API v1.0 online: http://localhost:8080/utilizador/


WARNING:werkzeug: * Debugger is active!
INFO:werkzeug: * Debugger PIN: 293-815-443
INFO:werkzeug: * Detected change in '/app/demo-api-sgd.py', reloading
INFO:werkzeug: * Restarting with stat
INFO:logger:
---------------------------------------------------------------
API v1.0 online: http://localhost:8080/utilizador/


WARNING:werkzeug: * Debugger is active!
INFO:werkzeug: * Debugger PIN: 293-815-443
INFO:logger:
---------------------------------------------------------------
API v1.0 online: http://localhost:8080/utilizador/


INFO:werkzeug:[31m[1mWARNING: This is a development server. Do not use it in a production deployment. Use a production WSGI server instead.[0m
 * Running on all addresses (0.0.0.0)
 * Running on http://127.0.0.1:8080
 * Running on http://172.18.0.3:8080
INFO:werkzeug:[33mPress CTRL+C to quit[0m
INFO:werkzeug: * Restarting with stat
INFO:logger:
---------------------------------------------------------------
API v1.0 online: http://localhost:8080/utilizador/


WARNING:werkzeug: * Debugger is active!
INFO:werkzeug: * Debugger PIN: 119-975-560
INFO:logger:
---------------------------------------------------------------
API v1.0 online: http://localhost:8080/utilizador/


INFO:werkzeug:[31m[1mWARNING: This is a development server. Do not use it in a production deployment. Use a production WSGI server instead.[0m
 * Running on all addresses (0.0.0.0)
 * Running on http://127.0.0.1:8080
 * Running on http://172.18.0.3:8080
INFO:werkzeug:[33mPress CTRL+C to quit[0m
INFO:werkzeug: * Restarting with stat
INFO:logger:
---------------------------------------------------------------
API v1.0 online: http://localhost:8080/utilizador/


WARNING:werkzeug: * Debugger is active!
INFO:werkzeug: * Debugger PIN: 119-975-560
INFO:logger:
---------------------------------------------------------------
API v1.0 online: http://localhost:8080/utilizador/


INFO:logger:
---------------------------------------------------------------
API v1.0 online: http://localhost:8080/utilizador/


INFO:logger:
---------------------------------------------------------------
API v1.0 online: http://localhost:8080/utilizador/


INFO:logger:
---------------------------------------------------------------
API v1.0 online: http://localhost:8080/utilizador/


INFO:werkzeug: * Detected change in '/app/demo-api-sgd.py', reloading
INFO:werkzeug: * Restarting with stat
INFO:logger:
---------------------------------------------------------------
API v1.0 online: http://localhost:8080/utilizador/


WARNING:werkzeug: * Debugger is active!
INFO:werkzeug: * Debugger PIN: 119-975-560
INFO:logger:
---------------------------------------------------------------
API v1.0 online: http://localhost:8080/utilizador/


INFO:logger:
---------------------------------------------------------------
API v1.0 online: http://localhost:8080/utilizador/


INFO:werkzeug:[31m[1mWARNING: This is a development server. Do not use it in a production deployment. Use a production WSGI server instead.[0m
 * Running on all addresses (0.0.0.0)
 * Running on http://127.0.0.1:8080
 * Running on http://192.168.0.194:8080
INFO:werkzeug:[33mPress CTRL+C to quit[0m
INFO:werkzeug: * Restarting with stat
INFO:logger:
---------------------------------------------------------------
API v1.0 online: http://localhost:8080/utilizador/


WARNING:werkzeug: * Debugger is active!
INFO:werkzeug: * Debugger PIN: 118-436-483
INFO:logger:###              DEMO: POST /utilizador             ###
INFO:logger:---- Novo utilizador  ----
DEBUG:logger:payload: {'username': 'test_user', 'email': 'test_user@example.com', 'password': '12345'}
INFO:werkzeug:127.0.0.1 - - [04/Dec/2024 16:46:19] "[35m[1mPOST /utilizador/ HTTP/1.1[0m" 500 -
INFO:logger:###              DEMO: POST /utilizador             ###
INFO:logger:---- Novo utilizador  ----
DEBUG:logger:payload: {'username': 'test_user', 'email': 'test_user@example.com', 'password': '12345'}
INFO:werkzeug:127.0.0.1 - - [04/Dec/2024 16:53:36] "[35m[1mPOST /utilizador/ HTTP/1.1[0m" 500 -
INFO:werkzeug: * Detected change in '/Users/laura_barreto06/sgd-demo-2024-main/python/app/demo-api-sgd.py', reloading
INFO:werkzeug: * Restarting with stat
INFO:logger:
---------------------------------------------------------------
API v1.0 online: http://localhost:8080/utilizador/


WARNING:werkzeug: * Debugger is active!
INFO:werkzeug: * Debugger PIN: 118-436-483
INFO:logger:
---------------------------------------------------------------
API v1.0 online: http://localhost:8080/utilizador/


INFO:werkzeug:[31m[1mWARNING: This is a development server. Do not use it in a production deployment. Use a production WSGI server instead.[0m
 * Running on all addresses (0.0.0.0)
 * Running on http://127.0.0.1:8080
 * Running on http://192.168.0.194:8080
INFO:werkzeug:[33mPress CTRL+C to quit[0m
INFO:werkzeug: * Restarting with stat
INFO:logger:
---------------------------------------------------------------
API v1.0 online: http://localhost:8080/utilizador/


WARNING:werkzeug: * Debugger is active!
INFO:werkzeug: * Debugger PIN: 118-436-483
INFO:logger:###              DEMO: POST /utilizador             ###
INFO:logger:---- Novo utilizador  ----
DEBUG:logger:payload: {'username': 'test_user', 'email': 'test_user@example.com', 'password': '12345'}
INFO:werkzeug:127.0.0.1 - - [04/Dec/2024 16:54:38] "POST /utilizador/ HTTP/1.1" 200 -
INFO:logger:###              DEMO: POST /utilizador             ###
INFO:logger:---- Novo utilizador  ----
DEBUG:logger:payload: {'username': 'test_user1', 'email': 'test_user1@example.com', 'password': '123456'}
INFO:werkzeug:127.0.0.1 - - [04/Dec/2024 16:55:39] "POST /utilizador/ HTTP/1.1" 200 -
INFO:werkzeug:127.0.0.1 - - [04/Dec/2024 17:26:41] "[31m[1mGET /utilizador/ HTTP/1.1[0m" 405 -
INFO:werkzeug: * Detected change in '/Users/laura_barreto06/sgd-demo-2024-main/python/app/demo-api-sgd.py', reloading
INFO:logger:
---------------------------------------------------------------
API v1.0 online: http://localhost:8080/utilizador/


INFO:werkzeug:[31m[1mWARNING: This is a development server. Do not use it in a production deployment. Use a production WSGI server instead.[0m
 * Running on all addresses (0.0.0.0)
 * Running on http://127.0.0.1:8080
 * Running on http://194.210.172.173:8080
INFO:werkzeug:[33mPress CTRL+C to quit[0m
INFO:werkzeug: * Restarting with watchdog (fsevents)
INFO:logger:
---------------------------------------------------------------
API v1.0 online: http://localhost:8080/utilizador/


WARNING:werkzeug: * Debugger is active!
INFO:werkzeug: * Debugger PIN: 629-049-101
INFO:logger:
---------------------------------------------------------------
API v1.0 online: http://localhost:8080/utilizador/


INFO:werkzeug:[31m[1mWARNING: This is a development server. Do not use it in a production deployment. Use a production WSGI server instead.[0m
 * Running on all addresses (0.0.0.0)
 * Running on http://127.0.0.1:8080
 * Running on http://194.210.172.173:8080
INFO:werkzeug:[33mPress CTRL+C to quit[0m
INFO:werkzeug: * Restarting with watchdog (fsevents)
INFO:logger:
---------------------------------------------------------------
API v1.0 online: http://localhost:8080/utilizador/


WARNING:werkzeug: * Debugger is active!
INFO:werkzeug: * Debugger PIN: 629-049-101
INFO:logger:###              DEMO: POST /utilizador             ###
INFO:werkzeug:127.0.0.1 - - [06/Dec/2024 12:05:20] "[35m[1mPOST /utilizador/ HTTP/1.1[0m" 500 -
INFO:werkzeug:127.0.0.1 - - [06/Dec/2024 12:06:23] "[35m[1mPOST /aeroporto/ HTTP/1.1[0m" 500 -
INFO:werkzeug:127.0.0.1 - - [06/Dec/2024 12:06:44] "POST /aeroporto/ HTTP/1.1" 200 -
INFO:logger:###              DEMO: POST /utilizador             ###
INFO:werkzeug:127.0.0.1 - - [06/Dec/2024 12:09:26] "[35m[1mPOST /utilizador/ HTTP/1.1[0m" 500 -
INFO:logger:###              DEMO: POST /utilizador             ###
INFO:werkzeug:127.0.0.1 - - [06/Dec/2024 12:20:44] "[35m[1mPOST /utilizador/ HTTP/1.1[0m" 500 -
INFO:werkzeug: * Detected change in '/Users/laura_barreto06/sgd-demo-2024-main/python/app/demo-api-sgd.py', reloading
INFO:werkzeug: * Restarting with watchdog (fsevents)
INFO:logger:
---------------------------------------------------------------
API v1.0 online: http://localhost:8080/utilizador/


WARNING:werkzeug: * Debugger is active!
INFO:werkzeug: * Debugger PIN: 629-049-101
INFO:logger:###              DEMO: POST /utilizador             ###
INFO:werkzeug:127.0.0.1 - - [06/Dec/2024 12:21:30] "[35m[1mPOST /utilizador/ HTTP/1.1[0m" 500 -
INFO:werkzeug: * Detected change in '/Users/laura_barreto06/sgd-demo-2024-main/python/app/demo-api-sgd.py', reloading
INFO:werkzeug: * Restarting with watchdog (fsevents)
INFO:logger:
---------------------------------------------------------------
API v1.0 online: http://localhost:8080/utilizador/


WARNING:werkzeug: * Debugger is active!
INFO:werkzeug: * Debugger PIN: 629-049-101
INFO:logger:###              DEMO: POST /utilizador             ###
INFO:werkzeug:127.0.0.1 - - [06/Dec/2024 12:22:46] "[35m[1mPOST /utilizador/ HTTP/1.1[0m" 500 -
INFO:werkzeug: * Detected change in '/Users/laura_barreto06/sgd-demo-2024-main/python/app/demo-api-sgd.py', reloading
INFO:werkzeug: * Restarting with watchdog (fsevents)
INFO:logger:
---------------------------------------------------------------
API v1.0 online: http://localhost:8080/utilizador/


WARNING:werkzeug: * Debugger is active!
INFO:werkzeug: * Debugger PIN: 629-049-101
INFO:logger:###              DEMO: POST /utilizador             ###
INFO:werkzeug:127.0.0.1 - - [06/Dec/2024 12:23:47] "[35m[1mPOST /utilizador/ HTTP/1.1[0m" 500 -
INFO:werkzeug: * Detected change in '/Users/laura_barreto06/sgd-demo-2024-main/python/app/demo-api-sgd.py', reloading
INFO:werkzeug: * Restarting with watchdog (fsevents)
INFO:logger:
---------------------------------------------------------------
API v1.0 online: http://localhost:8080/utilizador/


WARNING:werkzeug: * Debugger is active!
INFO:werkzeug: * Debugger PIN: 629-049-101
INFO:logger:###              DEMO: POST /utilizador             ###
INFO:werkzeug:127.0.0.1 - - [06/Dec/2024 12:26:25] "[35m[1mPOST /utilizador/ HTTP/1.1[0m" 500 -
INFO:werkzeug: * Detected change in '/Users/laura_barreto06/sgd-demo-2024-main/python/app/demo-api-sgd.py', reloading
INFO:werkzeug: * Restarting with watchdog (fsevents)
INFO:logger:
---------------------------------------------------------------
API v1.0 online: http://localhost:8080/utilizador/


WARNING:werkzeug: * Debugger is active!
INFO:werkzeug: * Debugger PIN: 629-049-101
INFO:logger:###              DEMO: POST /utilizador             ###
INFO:werkzeug:127.0.0.1 - - [06/Dec/2024 12:27:22] "[35m[1mPOST /utilizador/ HTTP/1.1[0m" 500 -
INFO:werkzeug: * Detected change in '/Users/laura_barreto06/sgd-demo-2024-main/python/app/demo-api-sgd.py', reloading
INFO:werkzeug: * Restarting with watchdog (fsevents)
INFO:logger:
---------------------------------------------------------------
API v1.0 online: http://localhost:8080/utilizador/


WARNING:werkzeug: * Debugger is active!
INFO:werkzeug: * Debugger PIN: 629-049-101
INFO:logger:###              DEMO: POST /utilizador             ###
INFO:werkzeug:127.0.0.1 - - [06/Dec/2024 12:28:39] "[35m[1mPOST /utilizador/ HTTP/1.1[0m" 500 -
INFO:werkzeug: * Detected change in '/Users/laura_barreto06/sgd-demo-2024-main/python/app/demo-api-sgd.py', reloading
INFO:werkzeug: * Restarting with watchdog (fsevents)
INFO:logger:
---------------------------------------------------------------
API v1.0 online: http://localhost:8080/utilizador/


WARNING:werkzeug: * Debugger is active!
INFO:werkzeug: * Debugger PIN: 629-049-101
INFO:logger:###              DEMO: POST /utilizador             ###
INFO:werkzeug:127.0.0.1 - - [06/Dec/2024 12:30:15] "[35m[1mPOST /utilizador/ HTTP/1.1[0m" 500 -
INFO:werkzeug: * Detected change in '/Users/laura_barreto06/sgd-demo-2024-main/python/app/demo-api-sgd.py', reloading
INFO:werkzeug: * Restarting with watchdog (fsevents)
INFO:logger:
---------------------------------------------------------------
API v1.0 online: http://localhost:8080/utilizador/


WARNING:werkzeug: * Debugger is active!
INFO:werkzeug: * Debugger PIN: 629-049-101
INFO:logger:###              DEMO: POST /utilizador             ###
INFO:werkzeug:127.0.0.1 - - [06/Dec/2024 12:45:44] "[35m[1mPOST /utilizador/ HTTP/1.1[0m" 500 -
INFO:werkzeug: * Detected change in '/Users/laura_barreto06/sgd-demo-2024-main/python/app/demo-api-sgd.py', reloading
INFO:werkzeug: * Restarting with watchdog (fsevents)
INFO:logger:
---------------------------------------------------------------
API v1.0 online: http://localhost:8080/utilizador/


WARNING:werkzeug: * Debugger is active!
INFO:werkzeug: * Debugger PIN: 629-049-101
INFO:logger:###              DEMO: POST /utilizador             ###
INFO:werkzeug:127.0.0.1 - - [06/Dec/2024 12:46:08] "[35m[1mPOST /utilizador/ HTTP/1.1[0m" 500 -
INFO:logger:###              DEMO: POST /utilizador             ###
INFO:logger:###              DEMO: POST /utilizador             ###
INFO:werkzeug: * Detected change in '/Users/laura_barreto06/sgd-demo-2024-main/python/app/demo-api-sgd.py', reloading
INFO:werkzeug: * Restarting with watchdog (fsevents)
INFO:logger:
---------------------------------------------------------------
API v1.0 online: http://localhost:8080/utilizador/


INFO:werkzeug:[31m[1mWARNING: This is a development server. Do not use it in a production deployment. Use a production WSGI server instead.[0m
 * Running on all addresses (0.0.0.0)
 * Running on http://127.0.0.1:8080
 * Running on http://192.168.0.194:8080
INFO:werkzeug:[33mPress CTRL+C to quit[0m
INFO:werkzeug: * Restarting with stat
INFO:logger:
---------------------------------------------------------------
API v1.0 online: http://localhost:8080/utilizador/


WARNING:werkzeug: * Debugger is active!
INFO:werkzeug: * Debugger PIN: 822-405-388
INFO:logger:###              DEMO: POST /utilizador             ###
INFO:werkzeug:127.0.0.1 - - [06/Dec/2024 13:44:31] "[35m[1mPOST /register/administrador HTTP/1.1[0m" 500 -
INFO:werkzeug: * Detected change in '/Users/laura_barreto06/sgd-demo-2024-main/python/app/demo-api-sgd.py', reloading
INFO:werkzeug: * Restarting with stat
INFO:logger:
---------------------------------------------------------------
API v1.0 online: http://localhost:8080/utilizador/


WARNING:werkzeug: * Debugger is active!
INFO:werkzeug: * Debugger PIN: 822-405-388
INFO:logger:###              DEMO: POST /utilizador             ###
ERROR:logger:procedure add_administrador(integer, unknown, unknown, unknown, integer, integer, integer, integer) does not exist
LINE 1: CALL add_administrador (1234, 'test_user1', 'test_user1@exam...
             ^
HINT:  No procedure matches the given name and argument types. You might need to add explicit type casts.

INFO:werkzeug:127.0.0.1 - - [06/Dec/2024 13:45:52] "POST /register/administrador HTTP/1.1" 200 -
INFO:logger:###              DEMO: POST /utilizador             ###
ERROR:logger:procedure add_administrador(integer, unknown, unknown, unknown, integer, integer, integer, integer) does not exist
LINE 1: CALL add_administrador (1234, 'test_user1', 'test_user1@exam...
             ^
HINT:  No procedure matches the given name and argument types. You might need to add explicit type casts.

INFO:werkzeug:127.0.0.1 - - [06/Dec/2024 13:46:04] "POST /register/administrador HTTP/1.1" 200 -
INFO:werkzeug: * Detected change in '/Users/laura_barreto06/sgd-demo-2024-main/python/app/demo-api-sgd.py', reloading
INFO:werkzeug: * Restarting with stat
INFO:logger:
---------------------------------------------------------------
API v1.0 online: http://localhost:8080/utilizador/


WARNING:werkzeug: * Debugger is active!
INFO:werkzeug: * Debugger PIN: 822-405-388
INFO:logger:###              DEMO: POST /utilizador             ###
ERROR:logger:procedure add_administrador(bigint, character varying, character varying, character varying, integer, integer, integer, integer) does not exist
LINE 1: CALL add_administrador (1234::bigint, 'test_user1'::varchar,...
             ^
HINT:  No procedure matches the given name and argument types. You might need to add explicit type casts.

INFO:werkzeug:127.0.0.1 - - [06/Dec/2024 13:50:56] "POST /register/administrador HTTP/1.1" 200 -
INFO:werkzeug: * Detected change in '/Users/laura_barreto06/sgd-demo-2024-main/python/app/demo-api-sgd.py', reloading
INFO:werkzeug: * Restarting with stat
INFO:logger:
---------------------------------------------------------------
API v1.0 online: http://localhost:8080/utilizador/


WARNING:werkzeug: * Debugger is active!
INFO:werkzeug: * Debugger PIN: 822-405-388
INFO:logger:###              DEMO: POST /utilizador             ###
ERROR:logger:procedure add_administrador(integer, character varying, character varying, character varying, integer, integer, integer, integer) does not exist
LINE 1: CALL add_administrador (1234::int, 'test_user1'::varchar, 't...
             ^
HINT:  No procedure matches the given name and argument types. You might need to add explicit type casts.

INFO:werkzeug:127.0.0.1 - - [06/Dec/2024 13:54:57] "POST /register/administrador HTTP/1.1" 200 -
INFO:werkzeug: * Detected change in '/Users/laura_barreto06/sgd-demo-2024-main/python/app/demo-api-sgd.py', reloading
INFO:werkzeug: * Restarting with stat
INFO:logger:
---------------------------------------------------------------
API v1.0 online: http://localhost:8080/utilizador/


WARNING:werkzeug: * Debugger is active!
INFO:werkzeug: * Debugger PIN: 822-405-388
INFO:logger:###              DEMO: POST /utilizador             ###
ERROR:logger:procedure add_administrador(integer, unknown, unknown, unknown, integer, integer, integer, integer) does not exist
LINE 1: CALL add_administrador (1234, 'test_user1', 'test_user1@exam...
             ^
HINT:  No procedure matches the given name and argument types. You might need to add explicit type casts.

INFO:werkzeug:127.0.0.1 - - [06/Dec/2024 13:57:42] "POST /register/administrador HTTP/1.1" 200 -
INFO:logger:
---------------------------------------------------------------
API v1.0 online: http://localhost:8080/utilizador/


INFO:werkzeug:[31m[1mWARNING: This is a development server. Do not use it in a production deployment. Use a production WSGI server instead.[0m
 * Running on all addresses (0.0.0.0)
 * Running on http://127.0.0.1:8080
 * Running on http://192.168.0.194:8080
INFO:werkzeug:[33mPress CTRL+C to quit[0m
INFO:werkzeug: * Restarting with stat
INFO:logger:
---------------------------------------------------------------
API v1.0 online: http://localhost:8080/utilizador/


WARNING:werkzeug: * Debugger is active!
INFO:werkzeug: * Debugger PIN: 822-405-388
INFO:logger:###              DEMO: POST /utilizador             ###
ERROR:logger:procedure add_administrador(integer, unknown, unknown, unknown, integer, integer, integer, integer) does not exist
LINE 1: CALL add_administrador (1234, 'test_user1', 'test_user1@exam...
             ^
HINT:  No procedure matches the given name and argument types. You might need to add explicit type casts.

INFO:werkzeug:127.0.0.1 - - [06/Dec/2024 14:01:27] "POST /register/administrador HTTP/1.1" 200 -
INFO:werkzeug: * Detected change in '/Users/laura_barreto06/sgd-demo-2024-main/python/app/demo-api-sgd.py', reloading
INFO:werkzeug: * Restarting with stat
INFO:logger:
---------------------------------------------------------------
API v1.0 online: http://localhost:8080/utilizador/


WARNING:werkzeug: * Debugger is active!
INFO:werkzeug: * Debugger PIN: 822-405-388
INFO:logger:###              DEMO: POST /utilizador             ###
ERROR:logger:procedure add_administrador(integer, character varying, character varying, character varying, integer, integer, integer, integer) does not exist
LINE 1: CALL add_administrador (1234::int, 'test_user1'::varchar, 't...
             ^
HINT:  No procedure matches the given name and argument types. You might need to add explicit type casts.

INFO:werkzeug:127.0.0.1 - - [06/Dec/2024 14:02:24] "POST /register/administrador HTTP/1.1" 200 -
INFO:logger:###              DEMO: POST /utilizador             ###
ERROR:logger:procedure add_cliente(bigint, character varying, character varying, character varying) does not exist
LINE 1: CALL add_cliente (1234::bigint, 'test_user1'::varchar, 'test...
             ^
HINT:  No procedure matches the given name and argument types. You might need to add explicit type casts.

INFO:werkzeug:127.0.0.1 - - [06/Dec/2024 14:08:50] "POST /register/cliente HTTP/1.1" 200 -
INFO:werkzeug: * Detected change in '/Users/laura_barreto06/sgd-demo-2024-main/python/app/demo-api-sgd.py', reloading
INFO:werkzeug: * Restarting with stat
INFO:logger:
---------------------------------------------------------------
API v1.0 online: http://localhost:8080/utilizador/


WARNING:werkzeug: * Debugger is active!
INFO:werkzeug: * Debugger PIN: 822-405-388
INFO:logger:###              DEMO: POST /utilizador             ###
ERROR:logger:procedure add_cliente(integer, character varying, character varying, character varying) does not exist
LINE 1: CALL add_cliente (1234::int, 'test_user1'::varchar, 'test_us...
             ^
HINT:  No procedure matches the given name and argument types. You might need to add explicit type casts.

INFO:werkzeug:127.0.0.1 - - [06/Dec/2024 14:09:04] "POST /register/cliente HTTP/1.1" 200 -
INFO:logger:
---------------------------------------------------------------
API v1.0 online: http://localhost:8080/utilizador/


INFO:werkzeug:[31m[1mWARNING: This is a development server. Do not use it in a production deployment. Use a production WSGI server instead.[0m
 * Running on all addresses (0.0.0.0)
 * Running on http://127.0.0.1:8080
 * Running on http://192.168.0.194:8080
INFO:werkzeug:[33mPress CTRL+C to quit[0m
INFO:werkzeug: * Restarting with stat
INFO:logger:
---------------------------------------------------------------
API v1.0 online: http://localhost:8080/utilizador/


WARNING:werkzeug: * Debugger is active!
INFO:werkzeug: * Debugger PIN: 822-405-388
INFO:logger:###              DEMO: POST /utilizador             ###
ERROR:logger:procedure add_cliente(integer, character varying, character varying, character varying) does not exist
LINE 1: CALL add_cliente (1234::int, 'test_user1'::varchar, 'test_us...
             ^
HINT:  No procedure matches the given name and argument types. You might need to add explicit type casts.

INFO:werkzeug:127.0.0.1 - - [06/Dec/2024 14:16:39] "POST /register/cliente HTTP/1.1" 200 -
INFO:logger:
---------------------------------------------------------------
API v1.0 online: http://localhost:8080/utilizador/


INFO:werkzeug:[31m[1mWARNING: This is a development server. Do not use it in a production deployment. Use a production WSGI server instead.[0m
 * Running on all addresses (0.0.0.0)
 * Running on http://127.0.0.1:8080
 * Running on http://192.168.0.194:8080
INFO:werkzeug:[33mPress CTRL+C to quit[0m
INFO:werkzeug: * Restarting with stat
INFO:logger:
---------------------------------------------------------------
API v1.0 online: http://localhost:8080/utilizador/


WARNING:werkzeug: * Debugger is active!
INFO:werkzeug: * Debugger PIN: 822-405-388
INFO:logger:###              DEMO: POST /utilizador             ###
ERROR:logger:procedure add_cliente(integer, character varying, character varying, character varying) does not exist
LINE 1: CALL add_cliente (1234::int, 'test_user1'::varchar, 'test_us...
             ^
HINT:  No procedure matches the given name and argument types. You might need to add explicit type casts.

INFO:werkzeug:127.0.0.1 - - [06/Dec/2024 14:18:27] "POST /register/cliente HTTP/1.1" 200 -
INFO:logger:
---------------------------------------------------------------
API v1.0 online: http://localhost:8080/utilizador/


INFO:werkzeug:[31m[1mWARNING: This is a development server. Do not use it in a production deployment. Use a production WSGI server instead.[0m
 * Running on all addresses (0.0.0.0)
 * Running on http://127.0.0.1:8080
 * Running on http://192.168.0.194:8080
INFO:werkzeug:[33mPress CTRL+C to quit[0m
INFO:werkzeug: * Restarting with stat
INFO:logger:
---------------------------------------------------------------
API v1.0 online: http://localhost:8080/utilizador/


WARNING:werkzeug: * Debugger is active!
INFO:werkzeug: * Debugger PIN: 822-405-388
INFO:logger:###              DEMO: POST /utilizador             ###
ERROR:logger:procedure add_cliente(integer, character varying, character varying, character varying) does not exist
LINE 1: CALL add_cliente (1234::int, 'test_user1'::varchar, 'test_us...
             ^
HINT:  No procedure matches the given name and argument types. You might need to add explicit type casts.

INFO:werkzeug:127.0.0.1 - - [06/Dec/2024 14:26:29] "POST /register/cliente HTTP/1.1" 200 -
INFO:werkzeug: * Detected change in '/Users/laura_barreto06/sgd-demo-2024-main/python/app/demo-api-sgd.py', reloading
INFO:werkzeug: * Restarting with stat
INFO:logger:
---------------------------------------------------------------
API v1.0 online: http://localhost:8080/utilizador/


WARNING:werkzeug: * Debugger is active!
INFO:werkzeug: * Debugger PIN: 822-405-388
INFO:logger:
---------------------------------------------------------------
API v1.0 online: http://localhost:8080/utilizador/


INFO:werkzeug:[31m[1mWARNING: This is a development server. Do not use it in a production deployment. Use a production WSGI server instead.[0m
 * Running on all addresses (0.0.0.0)
 * Running on http://127.0.0.1:8080
 * Running on http://192.168.0.194:8080
INFO:werkzeug:[33mPress CTRL+C to quit[0m
INFO:werkzeug: * Restarting with stat
INFO:logger:
---------------------------------------------------------------
API v1.0 online: http://localhost:8080/utilizador/


WARNING:werkzeug: * Debugger is active!
INFO:werkzeug: * Debugger PIN: 822-405-388
INFO:logger:###              DEMO: POST /utilizador             ###
ERROR:logger:procedure add_cliente(integer, character varying, character varying, character varying) does not exist
LINE 1: CALL add_cliente (1234::int, 'test_user1'::varchar, 'test_us...
             ^
HINT:  No procedure matches the given name and argument types. You might need to add explicit type casts.

INFO:werkzeug:127.0.0.1 - - [06/Dec/2024 14:29:06] "POST /register/cliente HTTP/1.1" 200 -
INFO:logger:###              DEMO: POST /utilizador             ###
ERROR:logger:procedure add_cliente(integer, character varying, character varying, character varying) does not exist
LINE 1: CALL add_cliente (1234::int, 'test_user1'::varchar, 'test_us...
             ^
HINT:  No procedure matches the given name and argument types. You might need to add explicit type casts.

INFO:werkzeug:127.0.0.1 - - [06/Dec/2024 14:30:51] "POST /register/cliente HTTP/1.1" 200 -
INFO:logger:
---------------------------------------------------------------
API v1.0 online: http://localhost:8080/utilizador/


INFO:werkzeug:[31m[1mWARNING: This is a development server. Do not use it in a production deployment. Use a production WSGI server instead.[0m
 * Running on all addresses (0.0.0.0)
 * Running on http://127.0.0.1:8080
 * Running on http://192.168.0.194:8080
INFO:werkzeug:[33mPress CTRL+C to quit[0m
INFO:werkzeug: * Restarting with stat
INFO:logger:
---------------------------------------------------------------
API v1.0 online: http://localhost:8080/utilizador/


WARNING:werkzeug: * Debugger is active!
INFO:werkzeug: * Debugger PIN: 822-405-388
INFO:logger:###              DEMO: POST /utilizador             ###
ERROR:logger:procedure add_cliente(integer, character varying, character varying, character varying) does not exist
LINE 1: CALL add_cliente (1234::int, 'test_user1'::varchar, 'test_us...
             ^
HINT:  No procedure matches the given name and argument types. You might need to add explicit type casts.

INFO:werkzeug:127.0.0.1 - - [06/Dec/2024 14:33:02] "POST /register/cliente HTTP/1.1" 200 -
INFO:werkzeug: * Detected change in '/Users/laura_barreto06/sgd-demo-2024-main/python/app/demo-api-sgd.py', reloading
INFO:werkzeug: * Restarting with stat
INFO:logger:
---------------------------------------------------------------
API v1.0 online: http://localhost:8080/utilizador/


WARNING:werkzeug: * Debugger is active!
INFO:werkzeug: * Debugger PIN: 822-405-388
INFO:logger:
---------------------------------------------------------------
API v1.0 online: http://localhost:8080/utilizador/


INFO:werkzeug:[31m[1mWARNING: This is a development server. Do not use it in a production deployment. Use a production WSGI server instead.[0m
 * Running on all addresses (0.0.0.0)
 * Running on http://127.0.0.1:8080
 * Running on http://192.168.0.194:8080
INFO:werkzeug:[33mPress CTRL+C to quit[0m
INFO:werkzeug: * Restarting with stat
INFO:logger:
---------------------------------------------------------------
API v1.0 online: http://localhost:8080/utilizador/


WARNING:werkzeug: * Debugger is active!
INFO:werkzeug: * Debugger PIN: 822-405-388
INFO:logger:###              DEMO: POST /utilizador             ###
ERROR:logger:procedure add_cliente(integer, character varying, character varying, character varying) does not exist
LINE 1: CALL add_cliente (1234::int, 'test_user1'::varchar, 'test_us...
             ^
HINT:  No procedure matches the given name and argument types. You might need to add explicit type casts.

INFO:werkzeug:127.0.0.1 - - [06/Dec/2024 14:37:09] "POST /register/cliente HTTP/1.1" 200 -
INFO:logger:###              DEMO: POST /utilizador             ###
ERROR:logger:procedure add_cliente(integer, character varying, character varying, character varying) does not exist
LINE 1: CALL add_cliente (1234::int, 'test_user1'::varchar, 'test_us...
             ^
HINT:  No procedure matches the given name and argument types. You might need to add explicit type casts.

INFO:werkzeug:127.0.0.1 - - [06/Dec/2024 14:39:16] "POST /register/cliente HTTP/1.1" 200 -
INFO:logger:
---------------------------------------------------------------
API v1.0 online: http://localhost:8080/utilizador/


INFO:werkzeug:[31m[1mWARNING: This is a development server. Do not use it in a production deployment. Use a production WSGI server instead.[0m
 * Running on all addresses (0.0.0.0)
 * Running on http://127.0.0.1:8080
 * Running on http://192.168.0.194:8080
INFO:werkzeug:[33mPress CTRL+C to quit[0m
INFO:werkzeug: * Restarting with stat
INFO:logger:
---------------------------------------------------------------
API v1.0 online: http://localhost:8080/utilizador/


WARNING:werkzeug: * Debugger is active!
INFO:werkzeug: * Debugger PIN: 822-405-388
INFO:logger:###              DEMO: POST /utilizador             ###
ERROR:logger:procedure add_cliente(integer, character varying, character varying, character varying) does not exist
LINE 1: CALL add_cliente (1234::int, 'test_user1'::varchar, 'test_us...
             ^
HINT:  No procedure matches the given name and argument types. You might need to add explicit type casts.

INFO:werkzeug:127.0.0.1 - - [06/Dec/2024 14:40:44] "POST /register/cliente HTTP/1.1" 200 -
INFO:werkzeug: * Detected change in '/Users/laura_barreto06/sgd-demo-2024-main/python/app/demo-api-sgd.py', reloading
INFO:werkzeug: * Restarting with stat
INFO:logger:
---------------------------------------------------------------
API v1.0 online: http://localhost:8080/utilizador/


WARNING:werkzeug: * Debugger is active!
INFO:werkzeug: * Debugger PIN: 822-405-388
INFO:logger:
---------------------------------------------------------------
API v1.0 online: http://localhost:8080/utilizador/


INFO:werkzeug:[31m[1mWARNING: This is a development server. Do not use it in a production deployment. Use a production WSGI server instead.[0m
 * Running on all addresses (0.0.0.0)
 * Running on http://127.0.0.1:8080
 * Running on http://192.168.0.194:8080
INFO:werkzeug:[33mPress CTRL+C to quit[0m
INFO:werkzeug: * Restarting with stat
INFO:logger:
---------------------------------------------------------------
API v1.0 online: http://localhost:8080/utilizador/


WARNING:werkzeug: * Debugger is active!
INFO:werkzeug: * Debugger PIN: 822-405-388
INFO:logger:###              DEMO: POST /utilizador             ###
ERROR:logger:procedure add_cliente(integer, character varying, character varying, character varying) does not exist
LINE 1: CALL add_cliente (1234::int, 'test_user1'::varchar, 'test_us...
             ^
HINT:  No procedure matches the given name and argument types. You might need to add explicit type casts.

INFO:werkzeug:127.0.0.1 - - [06/Dec/2024 14:52:05] "POST /register/cliente HTTP/1.1" 200 -
INFO:logger:
---------------------------------------------------------------
API v1.0 online: http://localhost:8080/utilizador/


INFO:werkzeug:[31m[1mWARNING: This is a development server. Do not use it in a production deployment. Use a production WSGI server instead.[0m
 * Running on all addresses (0.0.0.0)
 * Running on http://127.0.0.1:8080
 * Running on http://192.168.0.194:8080
INFO:werkzeug:[33mPress CTRL+C to quit[0m
INFO:werkzeug: * Restarting with stat
INFO:logger:
---------------------------------------------------------------
API v1.0 online: http://localhost:8080/utilizador/


WARNING:werkzeug: * Debugger is active!
INFO:werkzeug: * Debugger PIN: 822-405-388
INFO:logger:###              DEMO: POST /utilizador             ###
ERROR:logger:procedure add_cliente(integer, character varying, character varying, character varying) does not exist
LINE 1: CALL add_cliente (1234::int, 'test_user1'::varchar, 'test_us...
             ^
HINT:  No procedure matches the given name and argument types. You might need to add explicit type casts.

INFO:werkzeug:127.0.0.1 - - [06/Dec/2024 14:58:51] "POST /register/cliente HTTP/1.1" 200 -
INFO:werkzeug: * Detected change in '/Users/laura_barreto06/sgd-demo-2024-main/python/app/demo-api-sgd.py', reloading
INFO:werkzeug: * Restarting with stat
INFO:logger:
---------------------------------------------------------------
API v1.0 online: http://localhost:8080/utilizador/


INFO:werkzeug:[31m[1mWARNING: This is a development server. Do not use it in a production deployment. Use a production WSGI server instead.[0m
 * Running on all addresses (0.0.0.0)
 * Running on http://127.0.0.1:8080
 * Running on http://192.168.0.194:8080
INFO:werkzeug:[33mPress CTRL+C to quit[0m
INFO:werkzeug: * Restarting with stat
INFO:logger:
---------------------------------------------------------------
API v1.0 online: http://localhost:8080/utilizador/


WARNING:werkzeug: * Debugger is active!
INFO:werkzeug: * Debugger PIN: 822-405-388
INFO:logger:###              DEMO: POST /utilizador             ###
ERROR:logger:Incomplete payload!
INFO:werkzeug:127.0.0.1 - - [06/Dec/2024 15:05:36] "[31m[1mPOST /register/cliente HTTP/1.1[0m" 400 -
INFO:logger:###              DEMO: POST /utilizador             ###
ERROR:logger:procedure add_cliente(integer, character varying, character varying, character varying) does not exist
LINE 1: CALL add_cliente (1234::int, 'test_user1'::varchar, 'test_us...
             ^
HINT:  No procedure matches the given name and argument types. You might need to add explicit type casts.

INFO:werkzeug:127.0.0.1 - - [06/Dec/2024 15:06:07] "POST /register/cliente HTTP/1.1" 200 -
INFO:logger:###              DEMO: POST /utilizador             ###
ERROR:logger:procedure add_cliente(integer, character varying, character varying, character varying) does not exist
LINE 1: CALL add_cliente (1::int, 'test_user1'::varchar, 'test_user1...
             ^
HINT:  No procedure matches the given name and argument types. You might need to add explicit type casts.

INFO:werkzeug:127.0.0.1 - - [06/Dec/2024 15:06:16] "POST /register/cliente HTTP/1.1" 200 -
INFO:logger:
---------------------------------------------------------------
API v1.0 online: http://localhost:8080/utilizador/


INFO:werkzeug:[31m[1mWARNING: This is a development server. Do not use it in a production deployment. Use a production WSGI server instead.[0m
 * Running on all addresses (0.0.0.0)
 * Running on http://127.0.0.1:8080
 * Running on http://192.168.0.194:8080
INFO:werkzeug:[33mPress CTRL+C to quit[0m
INFO:werkzeug: * Restarting with stat
INFO:logger:
---------------------------------------------------------------
API v1.0 online: http://localhost:8080/utilizador/


WARNING:werkzeug: * Debugger is active!
INFO:werkzeug: * Debugger PIN: 822-405-388
INFO:logger:###              DEMO: POST /utilizador             ###
ERROR:logger:procedure add_cliente(integer, character varying, character varying, character varying) does not exist
LINE 1: CALL add_cliente (1::int, 'test_user1'::varchar, 'test_user1...
             ^
HINT:  No procedure matches the given name and argument types. You might need to add explicit type casts.

INFO:werkzeug:127.0.0.1 - - [06/Dec/2024 15:07:06] "POST /register/cliente HTTP/1.1" 200 -
INFO:logger:
---------------------------------------------------------------
API v1.0 online: http://localhost:8080/utilizador/


INFO:werkzeug:[31m[1mWARNING: This is a development server. Do not use it in a production deployment. Use a production WSGI server instead.[0m
 * Running on all addresses (0.0.0.0)
 * Running on http://127.0.0.1:8080
 * Running on http://192.168.0.194:8080
INFO:werkzeug:[33mPress CTRL+C to quit[0m
INFO:werkzeug: * Restarting with stat
INFO:logger:
---------------------------------------------------------------
API v1.0 online: http://localhost:8080/utilizador/


WARNING:werkzeug: * Debugger is active!
INFO:werkzeug: * Debugger PIN: 822-405-388
INFO:logger:###              DEMO: POST /utilizador             ###
ERROR:logger:procedure add_cliente(integer, character varying, character varying, character varying) does not exist
LINE 1: CALL add_cliente (1::int, 'test_user1'::varchar, 'test_user1...
             ^
HINT:  No procedure matches the given name and argument types. You might need to add explicit type casts.

INFO:werkzeug:127.0.0.1 - - [06/Dec/2024 15:10:56] "POST /register/cliente HTTP/1.1" 200 -
INFO:werkzeug: * Detected change in '/Users/laura_barreto06/sgd-demo-2024-main/python/app/demo-api-sgd.py', reloading
INFO:werkzeug: * Restarting with stat
INFO:logger:
---------------------------------------------------------------
API v1.0 online: http://localhost:8080/utilizador/


WARNING:werkzeug: * Debugger is active!
INFO:werkzeug: * Debugger PIN: 822-405-388
INFO:werkzeug: * Detected change in '/Users/laura_barreto06/sgd-demo-2024-main/python/app/demo-api-sgd.py', reloading
INFO:werkzeug: * Restarting with stat
INFO:logger:
---------------------------------------------------------------
API v1.0 online: http://localhost:8080/utilizador/


WARNING:werkzeug: * Debugger is active!
INFO:werkzeug: * Debugger PIN: 822-405-388
INFO:logger:
---------------------------------------------------------------
API v1.0 online: http://localhost:8080/utilizador/


INFO:werkzeug:[31m[1mWARNING: This is a development server. Do not use it in a production deployment. Use a production WSGI server instead.[0m
 * Running on all addresses (0.0.0.0)
 * Running on http://127.0.0.1:8080
 * Running on http://192.168.0.194:8080
INFO:werkzeug:[33mPress CTRL+C to quit[0m
INFO:werkzeug: * Restarting with stat
INFO:logger:
---------------------------------------------------------------
API v1.0 online: http://localhost:8080/utilizador/


WARNING:werkzeug: * Debugger is active!
INFO:werkzeug: * Debugger PIN: 822-405-388
INFO:logger:###              DEMO: POST /utilizador             ###
ERROR:logger:procedure add_cliente(integer, character varying, character varying, character varying) does not exist
LINE 1: CALL add_cliente (1::int, 'test_user1'::varchar, 'test_user1...
             ^
HINT:  No procedure matches the given name and argument types. You might need to add explicit type casts.

INFO:werkzeug:127.0.0.1 - - [06/Dec/2024 15:11:19] "POST /register/cliente HTTP/1.1" 200 -
INFO:werkzeug: * Detected change in '/Users/laura_barreto06/sgd-demo-2024-main/python/app/demo-api-sgd.py', reloading
INFO:werkzeug: * Restarting with stat
INFO:logger:
---------------------------------------------------------------
API v1.0 online: http://localhost:8080/utilizador/


WARNING:werkzeug: * Debugger is active!
INFO:werkzeug: * Debugger PIN: 822-405-388
INFO:logger:###              DEMO: POST /utilizador             ###
ERROR:logger:procedure add_cliente(integer, unknown, unknown, unknown) does not exist
LINE 1: CALL add_cliente (1, 'test_user1', 'test_user1@example.com',...
             ^
HINT:  No procedure matches the given name and argument types. You might need to add explicit type casts.

INFO:werkzeug:127.0.0.1 - - [06/Dec/2024 15:15:17] "POST /register/cliente HTTP/1.1" 200 -
INFO:werkzeug: * Detected change in '/Users/laura_barreto06/sgd-demo-2024-main/python/app/demo-api-sgd.py', reloading
INFO:werkzeug: * Restarting with stat
INFO:logger:
---------------------------------------------------------------
API v1.0 online: http://localhost:8080/utilizador/


WARNING:werkzeug: * Debugger is active!
INFO:werkzeug: * Debugger PIN: 822-405-388
INFO:werkzeug: * Detected change in '/Users/laura_barreto06/sgd-demo-2024-main/python/app/demo-api-sgd.py', reloading
INFO:werkzeug: * Restarting with stat
INFO:logger:
---------------------------------------------------------------
API v1.0 online: http://localhost:8080/utilizador/


WARNING:werkzeug: * Debugger is active!
INFO:werkzeug: * Debugger PIN: 822-405-388
INFO:logger:###              DEMO: POST /utilizador             ###
ERROR:logger:procedure add_cliente(integer, unknown, unknown, unknown) does not exist
LINE 1: CALL add_cliente (1, 'test_user1', 'test_user1@example.com',...
             ^
HINT:  No procedure matches the given name and argument types. You might need to add explicit type casts.

INFO:werkzeug:127.0.0.1 - - [06/Dec/2024 15:18:30] "POST /register/cliente HTTP/1.1" 200 -
INFO:logger:
---------------------------------------------------------------
API v1.0 online: http://localhost:8080/utilizador/


INFO:werkzeug:[31m[1mWARNING: This is a development server. Do not use it in a production deployment. Use a production WSGI server instead.[0m
 * Running on all addresses (0.0.0.0)
 * Running on http://127.0.0.1:8080
 * Running on http://192.168.0.194:8080
INFO:werkzeug:[33mPress CTRL+C to quit[0m
INFO:werkzeug: * Restarting with stat
INFO:logger:
---------------------------------------------------------------
API v1.0 online: http://localhost:8080/utilizador/


WARNING:werkzeug: * Debugger is active!
INFO:werkzeug: * Debugger PIN: 822-405-388
INFO:logger:###              DEMO: POST /utilizador             ###
ERROR:logger:procedure add_cliente(integer, unknown, unknown, unknown) does not exist
LINE 1: CALL add_cliente (1, 'test_user1', 'test_user1@example.com',...
             ^
HINT:  No procedure matches the given name and argument types. You might need to add explicit type casts.

INFO:werkzeug:127.0.0.1 - - [06/Dec/2024 15:18:47] "POST /register/cliente HTTP/1.1" 200 -
INFO:werkzeug: * Detected change in '/Users/laura_barreto06/sgd-demo-2024-main/python/app/demo-api-sgd.py', reloading
INFO:werkzeug: * Restarting with stat
INFO:logger:
---------------------------------------------------------------
API v1.0 online: http://localhost:8080/utilizador/


WARNING:werkzeug: * Debugger is active!
INFO:werkzeug: * Debugger PIN: 822-405-388
INFO:logger:
---------------------------------------------------------------
API v1.0 online: http://localhost:8080/utilizador/


INFO:werkzeug:[31m[1mWARNING: This is a development server. Do not use it in a production deployment. Use a production WSGI server instead.[0m
 * Running on all addresses (0.0.0.0)
 * Running on http://127.0.0.1:8080
 * Running on http://192.168.0.194:8080
INFO:werkzeug:[33mPress CTRL+C to quit[0m
INFO:werkzeug: * Restarting with stat
INFO:logger:
---------------------------------------------------------------
API v1.0 online: http://localhost:8080/utilizador/


WARNING:werkzeug: * Debugger is active!
INFO:werkzeug: * Debugger PIN: 822-405-388
INFO:logger:###              DEMO: POST /utilizador             ###
ERROR:logger:procedure add_cliente(integer, unknown, unknown, unknown) does not exist
LINE 1: CALL add_cliente (1, 'test_user1', 'test_user1@example.com',...
             ^
HINT:  No procedure matches the given name and argument types. You might need to add explicit type casts.

INFO:werkzeug:127.0.0.1 - - [06/Dec/2024 15:20:24] "POST /register/cliente HTTP/1.1" 200 -
INFO:werkzeug: * Detected change in '/Users/laura_barreto06/sgd-demo-2024-main/python/app/demo-api-sgd.py', reloading
INFO:werkzeug: * Restarting with stat
INFO:logger:
---------------------------------------------------------------
API v1.0 online: http://localhost:8080/utilizador/


WARNING:werkzeug: * Debugger is active!
INFO:werkzeug: * Debugger PIN: 822-405-388
INFO:logger:
---------------------------------------------------------------
API v1.0 online: http://localhost:8080/utilizador/


INFO:werkzeug:[31m[1mWARNING: This is a development server. Do not use it in a production deployment. Use a production WSGI server instead.[0m
 * Running on all addresses (0.0.0.0)
 * Running on http://127.0.0.1:8080
 * Running on http://192.168.0.194:8080
INFO:werkzeug:[33mPress CTRL+C to quit[0m
INFO:werkzeug: * Restarting with stat
INFO:logger:
---------------------------------------------------------------
API v1.0 online: http://localhost:8080/utilizador/


WARNING:werkzeug: * Debugger is active!
INFO:werkzeug: * Debugger PIN: 822-405-388
INFO:logger:###              DEMO: POST /utilizador             ###
ERROR:logger:procedure add_cliente(integer, unknown, unknown, unknown) does not exist
LINE 1: CALL add_cliente (1, 'test_user1', 'test_user1@example.com',...
             ^
HINT:  No procedure matches the given name and argument types. You might need to add explicit type casts.

INFO:werkzeug:127.0.0.1 - - [06/Dec/2024 15:22:57] "POST /register/cliente HTTP/1.1" 200 -
INFO:werkzeug:127.0.0.1 - - [06/Dec/2024 15:29:48] "[31m[1mGET /register/cliente HTTP/1.1[0m" 405 -
INFO:logger:###              DEMO: POST /utilizador             ###
ERROR:logger:procedure add_cliente(integer, unknown, unknown, unknown) does not exist
LINE 1: CALL add_cliente (1, 'test_user1', 'test_user1@example.com',...
             ^
HINT:  No procedure matches the given name and argument types. You might need to add explicit type casts.

INFO:werkzeug:127.0.0.1 - - [06/Dec/2024 15:29:58] "POST /register/cliente HTTP/1.1" 200 -
INFO:werkzeug: * Detected change in '/Users/laura_barreto06/sgd-demo-2024-main/python/app/demo-api-sgd.py', reloading
INFO:werkzeug: * Restarting with stat
INFO:logger:
---------------------------------------------------------------
API v1.0 online: http://localhost:8080/utilizador/


WARNING:werkzeug: * Debugger is active!
INFO:werkzeug: * Debugger PIN: 822-405-388
INFO:logger:
---------------------------------------------------------------
API v1.0 online: http://localhost:8080/utilizador/


INFO:werkzeug:[31m[1mWARNING: This is a development server. Do not use it in a production deployment. Use a production WSGI server instead.[0m
 * Running on all addresses (0.0.0.0)
 * Running on http://127.0.0.1:8080
 * Running on http://10.23.0.185:8080
INFO:werkzeug:[33mPress CTRL+C to quit[0m
INFO:werkzeug: * Restarting with stat
INFO:logger:
---------------------------------------------------------------
API v1.0 online: http://localhost:8080/utilizador/


WARNING:werkzeug: * Debugger is active!
INFO:werkzeug: * Debugger PIN: 822-405-388
INFO:logger:###              DEMO: POST /utilizador             ###
ERROR:logger:procedure add_cliente(integer, character varying, character varying, character varying) does not exist
LINE 1: CALL add_cliente (1::int, 'test_user1'::varchar, 'test_user1...
             ^
HINT:  No procedure matches the given name and argument types. You might need to add explicit type casts.

INFO:werkzeug:127.0.0.1 - - [06/Dec/2024 15:44:42] "POST /register/cliente HTTP/1.1" 200 -
INFO:logger:###              DEMO: POST /utilizador             ###
ERROR:logger:procedure add_cliente(integer, character varying, character varying, character varying) does not exist
LINE 1: CALL add_cliente (1::int, 'test_user1'::varchar, 'test_user1...
             ^
HINT:  No procedure matches the given name and argument types. You might need to add explicit type casts.

INFO:werkzeug:127.0.0.1 - - [06/Dec/2024 15:52:46] "POST /register/cliente HTTP/1.1" 200 -
INFO:logger:
---------------------------------------------------------------
API v1.0 online: http://localhost:8080/utilizador/


INFO:werkzeug:[31m[1mWARNING: This is a development server. Do not use it in a production deployment. Use a production WSGI server instead.[0m
 * Running on all addresses (0.0.0.0)
 * Running on http://127.0.0.1:8080
 * Running on http://10.23.0.185:8080
INFO:werkzeug:[33mPress CTRL+C to quit[0m
INFO:werkzeug: * Restarting with stat
INFO:logger:
---------------------------------------------------------------
API v1.0 online: http://localhost:8080/utilizador/


WARNING:werkzeug: * Debugger is active!
INFO:werkzeug: * Debugger PIN: 822-405-388
INFO:werkzeug:127.0.0.1 - - [06/Dec/2024 16:00:16] "[35m[1mPOST /aeroporto/ HTTP/1.1[0m" 500 -
INFO:logger:
---------------------------------------------------------------
API v1.0 online: http://localhost:8080/utilizador/


INFO:werkzeug:[31m[1mWARNING: This is a development server. Do not use it in a production deployment. Use a production WSGI server instead.[0m
 * Running on all addresses (0.0.0.0)
 * Running on http://127.0.0.1:8080
 * Running on http://10.23.0.185:8080
INFO:werkzeug:[33mPress CTRL+C to quit[0m
INFO:werkzeug: * Restarting with stat
INFO:logger:
---------------------------------------------------------------
API v1.0 online: http://localhost:8080/utilizador/


WARNING:werkzeug: * Debugger is active!
INFO:werkzeug: * Debugger PIN: 822-405-388
INFO:werkzeug:127.0.0.1 - - [06/Dec/2024 16:00:56] "[35m[1mPOST /aeroporto/ HTTP/1.1[0m" 500 -
INFO:werkzeug: * Detected change in '/Users/laura_barreto06/sgd-demo-2024-main/python/app/demo-api-sgd.py', reloading
INFO:werkzeug: * Restarting with stat
INFO:logger:
---------------------------------------------------------------
API v1.0 online: http://localhost:8080/utilizador/


WARNING:werkzeug: * Debugger is active!
INFO:werkzeug: * Debugger PIN: 822-405-388
INFO:werkzeug: * Detected change in '/Users/laura_barreto06/sgd-demo-2024-main/python/app/demo-api-sgd.py', reloading
INFO:werkzeug: * Restarting with stat
INFO:logger:
---------------------------------------------------------------
API v1.0 online: http://localhost:8080/utilizador/


WARNING:werkzeug: * Debugger is active!
INFO:werkzeug: * Debugger PIN: 822-405-388
INFO:werkzeug:127.0.0.1 - - [06/Dec/2024 16:01:15] "[35m[1mPOST /aeroporto/ HTTP/1.1[0m" 500 -
INFO:werkzeug: * Detected change in '/Users/laura_barreto06/sgd-demo-2024-main/python/app/demo-api-sgd.py', reloading
INFO:werkzeug: * Restarting with stat
INFO:logger:
---------------------------------------------------------------
API v1.0 online: http://localhost:8080/utilizador/


WARNING:werkzeug: * Debugger is active!
INFO:werkzeug: * Debugger PIN: 822-405-388
INFO:werkzeug:127.0.0.1 - - [06/Dec/2024 16:01:38] "[35m[1mPOST /aeroporto/ HTTP/1.1[0m" 500 -
INFO:werkzeug: * Detected change in '/Users/laura_barreto06/sgd-demo-2024-main/python/app/demo-api-sgd.py', reloading
INFO:werkzeug: * Restarting with stat
INFO:logger:
---------------------------------------------------------------
API v1.0 online: http://localhost:8080/utilizador/


WARNING:werkzeug: * Debugger is active!
INFO:werkzeug: * Debugger PIN: 822-405-388
INFO:werkzeug:127.0.0.1 - - [06/Dec/2024 16:01:53] "[35m[1mPOST /aeroporto/ HTTP/1.1[0m" 500 -
INFO:werkzeug: * Detected change in '/Users/laura_barreto06/sgd-demo-2024-main/python/app/demo-api-sgd.py', reloading
INFO:werkzeug: * Restarting with stat
INFO:logger:
---------------------------------------------------------------
API v1.0 online: http://localhost:8080/utilizador/


WARNING:werkzeug: * Debugger is active!
INFO:werkzeug: * Debugger PIN: 822-405-388
ERROR:logger:tuple index out of range
INFO:werkzeug:127.0.0.1 - - [06/Dec/2024 16:02:10] "POST /aeroporto/ HTTP/1.1" 200 -
INFO:logger:###              DEMO: POST /register utilizador            ###
ERROR:logger:procedure add_cliente(integer, character varying, character varying, character varying) does not exist
LINE 1: CALL add_cliente (1::int, 'test_user1'::varchar, 'test_user1...
             ^
HINT:  No procedure matches the given name and argument types. You might need to add explicit type casts.

INFO:werkzeug:127.0.0.1 - - [06/Dec/2024 16:06:12] "POST /register/cliente HTTP/1.1" 200 -
INFO:logger:###              DEMO: POST /register utilizador            ###
INFO:werkzeug:127.0.0.1 - - [06/Dec/2024 16:07:35] "POST /register/cliente HTTP/1.1" 200 -
INFO:logger:###              DEMO: POST /register utilizador            ###
ERROR:logger:procedure add_administrador(integer, character varying, character varying, character varying, integer, integer, integer, integer) does not exist
LINE 1: CALL add_administrador (1::int, 'test_user1'::varchar, 'test...
             ^
HINT:  No procedure matches the given name and argument types. You might need to add explicit type casts.

INFO:werkzeug:127.0.0.1 - - [06/Dec/2024 16:09:45] "POST /register/administrador HTTP/1.1" 200 -
INFO:werkzeug: * Detected change in '/Users/laura_barreto06/sgd-demo-2024-main/python/app/demo-api-sgd.py', reloading
INFO:werkzeug: * Restarting with stat
INFO:logger:
---------------------------------------------------------------
API v1.0 online: http://localhost:8080/utilizador/


WARNING:werkzeug: * Debugger is active!
INFO:werkzeug: * Debugger PIN: 822-405-388
INFO:logger:###              DEMO: POST /register utilizador            ###
ERROR:logger:procedure add_administrador(integer, character varying, character varying, character varying, integer, integer, integer, integer) does not exist
LINE 1: CALL add_administrador (1::int, 'test_user1'::varchar, 'test...
             ^
HINT:  No procedure matches the given name and argument types. You might need to add explicit type casts.

INFO:werkzeug:127.0.0.1 - - [06/Dec/2024 16:42:50] "POST /register/administrador HTTP/1.1" 200 -
INFO:logger:###              DEMO: POST /register utilizador            ###
INFO:werkzeug:127.0.0.1 - - [06/Dec/2024 16:44:39] "POST /register/administrador HTTP/1.1" 200 -
INFO:logger:###              DEMO: POST /register utilizador            ###
INFO:werkzeug:127.0.0.1 - - [06/Dec/2024 16:50:05] "POST /register/administrador HTTP/1.1" 200 -
INFO:werkzeug: * Detected change in '/Users/laura_barreto06/sgd-demo-2024-main/python/app/demo-api-sgd.py', reloading
INFO:werkzeug: * Restarting with stat
INFO:logger:
---------------------------------------------------------------
API v1.0 online: http://localhost:8080/utilizador/


WARNING:werkzeug: * Debugger is active!
INFO:werkzeug: * Debugger PIN: 822-405-388
INFO:logger:###              DEMO: POST /register utilizador            ###
ERROR:logger:cannot access local variable 'payload' where it is not associated with a value
DEBUG:logger:payload: {'status': 500, 'errors': "cannot access local variable 'payload' where it is not associated with a value", 'results': None}
INFO:werkzeug:127.0.0.1 - - [06/Dec/2024 16:52:45] "POST /register/administrador HTTP/1.1" 200 -
INFO:logger:
---------------------------------------------------------------
API v1.0 online: http://localhost:8080/utilizador/


INFO:werkzeug:[31m[1mWARNING: This is a development server. Do not use it in a production deployment. Use a production WSGI server instead.[0m
 * Running on all addresses (0.0.0.0)
 * Running on http://127.0.0.1:8080
 * Running on http://10.23.0.185:8080
INFO:werkzeug:[33mPress CTRL+C to quit[0m
INFO:werkzeug: * Restarting with stat
INFO:logger:
---------------------------------------------------------------
API v1.0 online: http://localhost:8080/utilizador/


WARNING:werkzeug: * Debugger is active!
INFO:werkzeug: * Debugger PIN: 822-405-388
INFO:logger:###              DEMO: POST /register utilizador            ###
ERROR:logger:cannot access local variable 'payload' where it is not associated with a value
DEBUG:logger:payload: {'status': 500, 'errors': "cannot access local variable 'payload' where it is not associated with a value", 'results': None}
INFO:werkzeug:127.0.0.1 - - [06/Dec/2024 16:57:43] "POST /register/administrador HTTP/1.1" 200 -
INFO:logger:###              DEMO: POST /register utilizador            ###
ERROR:logger:cannot access local variable 'payload' where it is not associated with a value
DEBUG:logger:payload: {'status': 500, 'errors': "cannot access local variable 'payload' where it is not associated with a value", 'results': None}
INFO:werkzeug:127.0.0.1 - - [06/Dec/2024 16:59:02] "POST /register/administrador HTTP/1.1" 200 -
INFO:logger:###              DEMO: POST /register utilizador            ###
ERROR:logger:cannot access local variable 'payload' where it is not associated with a value
DEBUG:logger:payload: {'status': 500, 'errors': "cannot access local variable 'payload' where it is not associated with a value", 'results': None}
INFO:werkzeug:127.0.0.1 - - [06/Dec/2024 16:59:37] "POST /register/administrador HTTP/1.1" 200 -
INFO:werkzeug: * Detected change in '/Users/laura_barreto06/sgd-demo-2024-main/python/app/demo-api-sgd.py', reloading
INFO:werkzeug: * Restarting with stat
INFO:logger:
---------------------------------------------------------------
API v1.0 online: http://localhost:8080/utilizador/


WARNING:werkzeug: * Debugger is active!
INFO:werkzeug: * Debugger PIN: 822-405-388
INFO:logger:###              DEMO: POST /register utilizador            ###
DEBUG:logger:payload: {'user_id': 1, 'username': 'test_user1', 'email': 'test_user1@example.com', 'password': 'ola', 'numadmincriados': 3, 'numvooscriados': 10, 'numhorarioscriados': 10, 'numaeroportoscriados': 1}
INFO:werkzeug:127.0.0.1 - - [06/Dec/2024 16:59:44] "POST /register/administrador HTTP/1.1" 200 -
INFO:werkzeug: * Detected change in '/Users/laura_barreto06/sgd-demo-2024-main/python/app/demo-api-sgd.py', reloading
INFO:werkzeug: * Restarting with stat
INFO:logger:
---------------------------------------------------------------
API v1.0 online: http://localhost:8080/utilizador/


WARNING:werkzeug: * Debugger is active!
INFO:werkzeug: * Debugger PIN: 822-405-388
INFO:logger:###              DEMO: POST /register utilizador            ###
DEBUG:logger:payload: {'user_id': 1, 'username': 'test_user1', 'email': 'test_user1@example.com', 'password': 'ola', 'numadmincriados': 3, 'numvooscriados': 10, 'numhorarioscriados': 10, 'numaeroportoscriados': 1}
ERROR:logger:error: The user_id already exists!!
CONTEXT:  PL/pgSQL function add_administrador(integer,character varying,character varying,character varying,integer,integer,integer,integer) line 10 at RAISE

DEBUG:logger:payload: {'status': 500, 'errors': 'error: The user_id already exists!!\nCONTEXT:  PL/pgSQL function add_administrador(integer,character varying,character varying,character varying,integer,integer,integer,integer) line 10 at RAISE\n', 'results': None}
INFO:werkzeug:127.0.0.1 - - [06/Dec/2024 17:00:43] "POST /register/administrador HTTP/1.1" 200 -
INFO:logger:###              DEMO: POST /register utilizador            ###
DEBUG:logger:payload: {'user_id': 2, 'username': 'test_user2', 'email': 'test_user2@example.com', 'password': 'ola', 'numadmincriados': 4, 'numvooscriados': 11, 'numhorarioscriados': 9, 'numaeroportoscriados': 2}
DEBUG:logger:payload: {'status': 200, 'errors': None, 'results': 'User was created successfully!'}
INFO:werkzeug:127.0.0.1 - - [06/Dec/2024 17:01:04] "POST /register/administrador HTTP/1.1" 200 -
INFO:werkzeug: * Detected change in '/Users/laura_barreto06/sgd-demo-2024-main/python/app/demo-api-sgd.py', reloading
INFO:werkzeug: * Restarting with stat
INFO:logger:
---------------------------------------------------------------
API v1.0 online: http://localhost:8080/utilizador/


WARNING:werkzeug: * Debugger is active!
INFO:werkzeug: * Debugger PIN: 822-405-388
ERROR:logger:not all arguments converted during string formatting
INFO:werkzeug:127.0.0.1 - - [06/Dec/2024 17:09:50] "POST /aeroporto/ HTTP/1.1" 200 -
ERROR:logger:not all arguments converted during string formatting
INFO:werkzeug:127.0.0.1 - - [06/Dec/2024 17:10:02] "POST /aeroporto/ HTTP/1.1" 200 -
INFO:werkzeug: * Detected change in '/Users/laura_barreto06/sgd-demo-2024-main/python/app/demo-api-sgd.py', reloading
INFO:werkzeug: * Restarting with stat
INFO:logger:
---------------------------------------------------------------
API v1.0 online: http://localhost:8080/utilizador/


WARNING:werkzeug: * Debugger is active!
INFO:werkzeug: * Debugger PIN: 822-405-388
ERROR:logger:not all arguments converted during string formatting
INFO:werkzeug:127.0.0.1 - - [06/Dec/2024 17:10:10] "POST /aeroporto/ HTTP/1.1" 200 -
INFO:werkzeug: * Detected change in '/Users/laura_barreto06/sgd-demo-2024-main/python/app/demo-api-sgd.py', reloading
INFO:werkzeug: * Restarting with stat
INFO:logger:
---------------------------------------------------------------
API v1.0 online: http://localhost:8080/utilizador/


WARNING:werkzeug: * Debugger is active!
INFO:werkzeug: * Debugger PIN: 822-405-388
INFO:werkzeug: * Detected change in '/Users/laura_barreto06/sgd-demo-2024-main/python/app/demo-api-sgd.py', reloading
INFO:werkzeug: * Restarting with stat
INFO:logger:
---------------------------------------------------------------
API v1.0 online: http://localhost:8080/utilizador/


WARNING:werkzeug: * Debugger is active!
INFO:werkzeug: * Debugger PIN: 822-405-388
ERROR:logger:not all arguments converted during string formatting
INFO:werkzeug:127.0.0.1 - - [06/Dec/2024 19:54:29] "POST /aeroporto/ HTTP/1.1" 200 -
INFO:logger:###              DEMO: POST /register utilizador            ###
DEBUG:logger:payload: {'user_id': 2, 'username': 'test_user2', 'email': 'test_user2@example.com', 'password': 'ola', 'numadmincriados': 4, 'numvooscriados': 11, 'numhorarioscriados': 9, 'numaeroportoscriados': 2}
ERROR:logger:procedure add_administrador(integer, character varying, character varying, character varying, integer, integer, integer, integer) does not exist
LINE 1: CALL add_administrador (2::int, 'test_user2'::varchar, 'test...
             ^
HINT:  No procedure matches the given name and argument types. You might need to add explicit type casts.

DEBUG:logger:payload: {'status': 500, 'errors': "procedure add_administrador(integer, character varying, character varying, character varying, integer, integer, integer, integer) does not exist\nLINE 1: CALL add_administrador (2::int, 'test_user2'::varchar, 'test...\n             ^\nHINT:  No procedure matches the given name and argument types. You might need to add explicit type casts.\n", 'results': None}
INFO:werkzeug:127.0.0.1 - - [06/Dec/2024 19:56:34] "POST /register/administrador HTTP/1.1" 200 -
INFO:werkzeug: * Detected change in '/Users/laura_barreto06/sgd-demo-2024-main/python/app/demo-api-sgd.py', reloading
INFO:werkzeug: * Restarting with stat
INFO:logger:
---------------------------------------------------------------
API v1.0 online: http://localhost:8080/utilizador/


WARNING:werkzeug: * Debugger is active!
INFO:werkzeug: * Debugger PIN: 822-405-388
INFO:werkzeug: * Detected change in '/Users/laura_barreto06/sgd-demo-2024-main/python/app/demo-api-sgd.py', reloading
INFO:werkzeug: * Restarting with stat
INFO:logger:
---------------------------------------------------------------
API v1.0 online: http://localhost:8080/project/


WARNING:werkzeug: * Debugger is active!
INFO:werkzeug: * Debugger PIN: 822-405-388
INFO:logger:###              DEMO: POST /register utilizador            ###
DEBUG:logger:payload: {'user_id': 2, 'username': 'test_user2', 'email': 'test_user2@example.com', 'password': 'ola', 'numadmincriados': 4, 'numvooscriados': 11, 'numhorarioscriados': 9, 'numaeroportoscriados': 2}
DEBUG:logger:payload: {'status': 200, 'errors': None, 'results': 'User was created successfully!'}
INFO:werkzeug:127.0.0.1 - - [06/Dec/2024 20:43:19] "POST /register/administrador HTTP/1.1" 200 -
INFO:logger:###              DEMO: POST /register utilizador            ###
DEBUG:logger:payload: {'user_id': 3, 'username': 'test_user2', 'email': 'test_user2@example.com', 'password': 'ola', 'numadmincriados': 4, 'numvooscriados': 11, 'numhorarioscriados': 9, 'numaeroportoscriados': 2}
DEBUG:logger:payload: {'status': 200, 'errors': None, 'results': 'User was created successfully!'}
INFO:werkzeug:127.0.0.1 - - [06/Dec/2024 20:50:50] "POST /register/administrador HTTP/1.1" 200 -
INFO:werkzeug: * Detected change in '/Users/laura_barreto06/sgd-demo-2024-main/python/app/demo-api-sgd.py', reloading
INFO:werkzeug: * Restarting with stat
INFO:logger:
---------------------------------------------------------------
API v1.0 online: http://localhost:8080/projeto


WARNING:werkzeug: * Debugger is active!
INFO:werkzeug: * Debugger PIN: 822-405-388
INFO:logger:
---------------------------------------------------------------
API v1.0 online: http://localhost:8080/projeto


INFO:werkzeug:[31m[1mWARNING: This is a development server. Do not use it in a production deployment. Use a production WSGI server instead.[0m
 * Running on all addresses (0.0.0.0)
 * Running on http://127.0.0.1:8080
 * Running on http://192.168.0.194:8080
INFO:werkzeug:[33mPress CTRL+C to quit[0m
INFO:werkzeug: * Restarting with stat
INFO:logger:
---------------------------------------------------------------
API v1.0 online: http://localhost:8080/projeto


WARNING:werkzeug: * Debugger is active!
INFO:werkzeug: * Debugger PIN: 822-405-388
INFO:logger:###              DEMO: POST /register utilizador            ###
DEBUG:logger:payload: {'user_id': 4, 'username': 'test_user2', 'email': 'test_user2@example.com', 'password': 'ola', 'numadmincriados': 4, 'numvooscriados': 11, 'numhorarioscriados': 9, 'numaeroportoscriados': 2}
DEBUG:logger:payload: {'status': 200, 'errors': None, 'results': 'User was created successfully!'}
INFO:werkzeug:127.0.0.1 - - [06/Dec/2024 20:57:24] "POST /register/administrador HTTP/1.1" 200 -
INFO:werkzeug:127.0.0.1 - - [06/Dec/2024 20:57:57] "[33mPOST /projeto/register/administrador HTTP/1.1[0m" 404 -
INFO:logger:###              DEMO: POST /register utilizador            ###
DEBUG:logger:payload: {'user_id': 6, 'username': 'test_user2', 'email': 'test_user2@example.com', 'password': 'ola', 'numadmincriados': 4, 'numvooscriados': 11, 'numhorarioscriados': 9, 'numaeroportoscriados': 2}
DEBUG:logger:payload: {'status': 200, 'errors': None, 'results': 'User was created successfully!'}
INFO:werkzeug:127.0.0.1 - - [06/Dec/2024 21:22:33] "POST /register/administrador HTTP/1.1" 200 -
INFO:werkzeug: * Detected change in '/Users/laura_barreto06/sgd-demo-2024-main/python/app/demo-api-sgd.py', reloading
INFO:werkzeug: * Restarting with stat
INFO:logger:
---------------------------------------------------------------
API v1.0 online: http://localhost:8080/projeto


WARNING:werkzeug: * Debugger is active!
INFO:werkzeug: * Debugger PIN: 822-405-388
INFO:werkzeug:127.0.0.1 - - [06/Dec/2024 22:14:25] "[33mPUT /utilizador/ HTTP/1.1[0m" 404 -
INFO:werkzeug:127.0.0.1 - - [06/Dec/2024 22:14:33] "[33mPUT /login/ HTTP/1.1[0m" 404 -
INFO:logger:###              DEMO: PUT /login              ###
ERROR:logger:syntax error at or near "="
LINE 3:                   SET  = 'test_user2'
                               ^

INFO:werkzeug:127.0.0.1 - - [06/Dec/2024 22:14:39] "PUT /login/cliente HTTP/1.1" 200 -
INFO:werkzeug: * Detected change in '/Users/laura_barreto06/sgd-demo-2024-main/python/app/demo-api-sgd.py', reloading
INFO:werkzeug: * Restarting with stat
INFO:logger:
---------------------------------------------------------------
API v1.0 online: http://localhost:8080/projeto


WARNING:werkzeug: * Debugger is active!
INFO:werkzeug: * Debugger PIN: 822-405-388
INFO:werkzeug:127.0.0.1 - - [06/Dec/2024 23:40:41] "[32mPUT /login HTTP/1.1[0m" 308 -
INFO:logger:###              DEMO: PUT /login              ###
ERROR:logger:cannot access local variable 'res' where it is not associated with a value
INFO:werkzeug:127.0.0.1 - - [06/Dec/2024 23:40:41] "PUT /login/ HTTP/1.1" 200 -
INFO:werkzeug:127.0.0.1 - - [07/Dec/2024 00:14:58] "[32mPUT /login HTTP/1.1[0m" 308 -
INFO:logger:###              DEMO: PUT /login              ###
ERROR:logger:cannot access local variable 'res' where it is not associated with a value
INFO:werkzeug:127.0.0.1 - - [07/Dec/2024 00:14:58] "PUT /login/ HTTP/1.1" 200 -
INFO:werkzeug: * Detected change in '/Users/laura_barreto06/sgd-demo-2024-main/python/app/demo-api-sgd.py', reloading
INFO:werkzeug: * Restarting with stat
INFO:logger:
---------------------------------------------------------------
API v1.0 online: http://localhost:8080/projeto


WARNING:werkzeug: * Debugger is active!
INFO:werkzeug: * Debugger PIN: 822-405-388
INFO:werkzeug:127.0.0.1 - - [07/Dec/2024 00:16:31] "[32mPUT /login HTTP/1.1[0m" 308 -
INFO:logger:###              DEMO: PUT /login              ###
ERROR:logger:column "user_id" does not exist
LINE 1: SELECT user_id FROM administrador WHERE user_id = '2'
               ^

INFO:werkzeug:127.0.0.1 - - [07/Dec/2024 00:16:31] "PUT /login/ HTTP/1.1" 200 -
INFO:werkzeug: * Detected change in '/Users/laura_barreto06/sgd-demo-2024-main/python/app/demo-api-sgd.py', reloading
INFO:werkzeug: * Restarting with stat
INFO:logger:
---------------------------------------------------------------
API v1.0 online: http://localhost:8080/projeto


WARNING:werkzeug: * Debugger is active!
INFO:werkzeug: * Debugger PIN: 822-405-388
INFO:werkzeug:127.0.0.1 - - [07/Dec/2024 00:17:33] "[32mPUT /login HTTP/1.1[0m" 308 -
INFO:logger:###              DEMO: PUT /login              ###
ERROR:logger:module 'jwt' has no attribute 'encode'
INFO:werkzeug:127.0.0.1 - - [07/Dec/2024 00:17:33] "PUT /login/ HTTP/1.1" 200 -
INFO:werkzeug: * Detected change in '/Users/laura_barreto06/sgd-demo-2024-main/python/app/demo-api-sgd.py', reloading
INFO:werkzeug: * Restarting with stat
INFO:logger:
---------------------------------------------------------------
API v1.0 online: http://localhost:8080/projeto


WARNING:werkzeug: * Debugger is active!
INFO:werkzeug: * Debugger PIN: 822-405-388
INFO:werkzeug: * Detected change in '/Users/laura_barreto06/sgd-demo-2024-main/python/app/demo-api-sgd.py', reloading
INFO:werkzeug: * Restarting with stat
INFO:logger:
---------------------------------------------------------------
API v1.0 online: http://localhost:8080/projeto


WARNING:werkzeug: * Debugger is active!
INFO:werkzeug: * Debugger PIN: 822-405-388
INFO:werkzeug:127.0.0.1 - - [07/Dec/2024 00:20:28] "[32mPUT /login HTTP/1.1[0m" 308 -
INFO:logger:###              DEMO: PUT /login              ###
ERROR:logger:'str' object has no attribute 'decode'
INFO:werkzeug:127.0.0.1 - - [07/Dec/2024 00:20:28] "PUT /login/ HTTP/1.1" 200 -
INFO:werkzeug: * Detected change in '/Users/laura_barreto06/sgd-demo-2024-main/python/app/demo-api-sgd.py', reloading
INFO:werkzeug: * Restarting with stat
INFO:logger:
---------------------------------------------------------------
API v1.0 online: http://localhost:8080/projeto


WARNING:werkzeug: * Debugger is active!
INFO:werkzeug: * Debugger PIN: 822-405-388
INFO:werkzeug:127.0.0.1 - - [07/Dec/2024 00:22:56] "[32mPUT /login HTTP/1.1[0m" 308 -
INFO:logger:###              DEMO: PUT /login              ###
ERROR:logger:module 'jwt' has no attribute 'decode'
INFO:werkzeug:127.0.0.1 - - [07/Dec/2024 00:22:57] "PUT /login/ HTTP/1.1" 200 -
INFO:werkzeug: * Detected change in '/usr/local/lib/python3.11/site-packages/jwt/exceptions.py', reloading
INFO:werkzeug: * Restarting with stat
INFO:logger:
---------------------------------------------------------------
API v1.0 online: http://localhost:8080/projeto


WARNING:werkzeug: * Debugger is active!
INFO:werkzeug: * Debugger PIN: 822-405-388
INFO:werkzeug:127.0.0.1 - - [07/Dec/2024 00:23:26] "[32mPUT /login HTTP/1.1[0m" 308 -
INFO:logger:###              DEMO: PUT /login              ###
ERROR:logger:PyJWT.decode() missing 1 required positional argument: 'jwt'
INFO:werkzeug:127.0.0.1 - - [07/Dec/2024 00:23:26] "PUT /login/ HTTP/1.1" 200 -
INFO:werkzeug: * Detected change in '/Users/laura_barreto06/sgd-demo-2024-main/python/app/demo-api-sgd.py', reloading
INFO:werkzeug: * Restarting with stat
INFO:logger:
---------------------------------------------------------------
API v1.0 online: http://localhost:8080/projeto


WARNING:werkzeug: * Debugger is active!
INFO:werkzeug: * Debugger PIN: 822-405-388
INFO:werkzeug:127.0.0.1 - - [07/Dec/2024 00:33:54] "[32mPUT /login HTTP/1.1[0m" 308 -
INFO:logger:###              DEMO: PUT /login              ###
ERROR:logger:unhashable type: 'list'
INFO:werkzeug:127.0.0.1 - - [07/Dec/2024 00:33:55] "PUT /login/ HTTP/1.1" 200 -
INFO:werkzeug: * Detected change in '/Users/laura_barreto06/sgd-demo-2024-main/python/app/demo-api-sgd.py', reloading
INFO:werkzeug: * Restarting with stat
INFO:logger:
---------------------------------------------------------------
API v1.0 online: http://localhost:8080/projeto


WARNING:werkzeug: * Debugger is active!
INFO:werkzeug: * Debugger PIN: 822-405-388
INFO:werkzeug:127.0.0.1 - - [07/Dec/2024 00:50:55] "[32mPUT /login HTTP/1.1[0m" 308 -
INFO:logger:###              DEMO: PUT /login              ###
INFO:werkzeug:127.0.0.1 - - [07/Dec/2024 00:50:56] "PUT /login/ HTTP/1.1" 200 -
INFO:werkzeug: * Detected change in '/Users/laura_barreto06/sgd-demo-2024-main/python/app/demo-api-sgd.py', reloading
INFO:werkzeug: * Restarting with stat
INFO:logger:
---------------------------------------------------------------
API v1.0 online: http://localhost:8080/projeto


WARNING:werkzeug: * Debugger is active!
INFO:werkzeug: * Debugger PIN: 822-405-388
INFO:werkzeug:127.0.0.1 - - [07/Dec/2024 00:52:05] "[32mPUT /login HTTP/1.1[0m" 308 -
INFO:logger:###              DEMO: PUT /login              ###
INFO:werkzeug:127.0.0.1 - - [07/Dec/2024 00:52:05] "PUT /login/ HTTP/1.1" 200 -
INFO:werkzeug: * Detected change in '/Users/laura_barreto06/sgd-demo-2024-main/python/app/test.py', reloading
INFO:werkzeug: * Restarting with stat
INFO:logger:
---------------------------------------------------------------
API v1.0 online: http://localhost:8080/projeto


WARNING:werkzeug: * Debugger is active!
INFO:werkzeug: * Debugger PIN: 822-405-388
INFO:werkzeug:127.0.0.1 - - [07/Dec/2024 00:57:30] "[32mPUT /login HTTP/1.1[0m" 308 -
INFO:logger:###              DEMO: PUT /login              ###
INFO:werkzeug:127.0.0.1 - - [07/Dec/2024 00:57:31] "PUT /login/ HTTP/1.1" 200 -
INFO:werkzeug: * Detected change in '/Users/laura_barreto06/sgd-demo-2024-main/python/app/demo-api-sgd.py', reloading
INFO:werkzeug: * Restarting with stat
INFO:logger:
---------------------------------------------------------------
API v1.0 online: http://localhost:8080/projeto


WARNING:werkzeug: * Debugger is active!
INFO:werkzeug: * Debugger PIN: 822-405-388
INFO:werkzeug:127.0.0.1 - - [07/Dec/2024 00:59:12] "[32mPUT /login HTTP/1.1[0m" 308 -
INFO:logger:###              DEMO: PUT /login              ###
INFO:werkzeug:127.0.0.1 - - [07/Dec/2024 00:59:13] "PUT /login/ HTTP/1.1" 200 -
INFO:logger:###              DEMO: POST /register utilizador            ###
DEBUG:logger:{'user_id': 8, 'username': 'cliente hehe', 'email': 'cliente1@example.com', 'password': 'cliente123'}
DEBUG:logger:{'status': 200, 'errors': None, 'results': 'User was created successfully!'}
INFO:werkzeug:127.0.0.1 - - [07/Dec/2024 01:04:48] "POST /register/cliente HTTP/1.1" 200 -
INFO:logger:###              DEMO: POST /register utilizador            ###
DEBUG:logger:{'user_id': 9, 'username': 'admin hehe', 'email': 'admin@example.com', 'password': 'wait', 'numadmincriados': 4, 'numvooscriados': 11, 'numhorarioscriados': 9, 'numaeroportoscriados': 2}
ERROR:logger:name 'flask' is not defined
DEBUG:logger:{'status': 500, 'errors': "name 'flask' is not defined", 'results': None}
INFO:werkzeug:127.0.0.1 - - [07/Dec/2024 01:05:36] "POST /register/administrador HTTP/1.1" 200 -
INFO:werkzeug: * Detected change in '/Users/laura_barreto06/sgd-demo-2024-main/python/app/demo-api-sgd.py', reloading
INFO:werkzeug: * Restarting with stat
INFO:logger:
---------------------------------------------------------------
API v1.0 online: http://localhost:8080/projeto


WARNING:werkzeug: * Debugger is active!
INFO:werkzeug: * Debugger PIN: 822-405-388
INFO:logger:###              DEMO: POST /register utilizador            ###
DEBUG:logger:{'user_id': 9, 'username': 'admin hehe', 'email': 'admin@example.com', 'password': 'wait', 'numadmincriados': 4, 'numvooscriados': 11, 'numhorarioscriados': 9, 'numaeroportoscriados': 2}
ERROR:logger:name 'StatusCodes' is not defined
DEBUG:logger:{'status': 500, 'errors': "name 'StatusCodes' is not defined", 'results': None}
INFO:werkzeug:127.0.0.1 - - [07/Dec/2024 01:07:08] "POST /register/administrador HTTP/1.1" 200 -
INFO:werkzeug: * Detected change in '/Users/laura_barreto06/sgd-demo-2024-main/python/app/demo-api-sgd.py', reloading
INFO:werkzeug: * Restarting with stat
INFO:logger:
---------------------------------------------------------------
API v1.0 online: http://localhost:8080/projeto


WARNING:werkzeug: * Debugger is active!
INFO:werkzeug: * Debugger PIN: 822-405-388
INFO:logger:###              DEMO: POST /register utilizador            ###
DEBUG:logger:{'user_id': 9, 'username': 'admin hehe', 'email': 'admin@example.com', 'password': 'wait', 'numadmincriados': 4, 'numvooscriados': 11, 'numhorarioscriados': 9, 'numaeroportoscriados': 2}
INFO:werkzeug:127.0.0.1 - - [07/Dec/2024 01:12:09] "POST /register/administrador HTTP/1.1" 200 -
INFO:werkzeug:127.0.0.1 - - [07/Dec/2024 01:14:27] "[32mPUT /login HTTP/1.1[0m" 308 -
INFO:logger:###              DEMO: PUT /login              ###
INFO:werkzeug:127.0.0.1 - - [07/Dec/2024 01:14:27] "PUT /login/ HTTP/1.1" 200 -
INFO:logger:###              DEMO: POST /register utilizador            ###
DEBUG:logger:{'user_id': 9, 'username': 'admin hehe', 'email': 'admin@example.com', 'password': 'wait', 'numadmincriados': 4, 'numvooscriados': 11, 'numhorarioscriados': 9, 'numaeroportoscriados': 2}
INFO:werkzeug:127.0.0.1 - - [07/Dec/2024 01:14:40] "POST /register/administrador HTTP/1.1" 200 -
INFO:werkzeug: * Detected change in '/Users/laura_barreto06/sgd-demo-2024-main/python/app/demo-api-sgd.py', reloading
INFO:werkzeug: * Restarting with stat
INFO:logger:
---------------------------------------------------------------
API v1.0 online: http://localhost:8080/projeto


WARNING:werkzeug: * Debugger is active!
INFO:werkzeug: * Debugger PIN: 822-405-388
INFO:logger:###              DEMO: POST /register utilizador            ###
DEBUG:logger:{'user_id': 9, 'username': 'admin hehe', 'email': 'admin@example.com', 'password': 'wait', 'numadmincriados': 4, 'numvooscriados': 11, 'numhorarioscriados': 9, 'numaeroportoscriados': 2}
INFO:werkzeug:127.0.0.1 - - [07/Dec/2024 11:37:46] "POST /register/administrador HTTP/1.1" 200 -
INFO:logger:###              DEMO: POST /register utilizador            ###
DEBUG:logger:{'user_id': 9, 'username': 'admin hehe', 'email': 'admin@example.com', 'password': 'wait', 'numadmincriados': 4, 'numvooscriados': 11, 'numhorarioscriados': 9, 'numaeroportoscriados': 2}
ERROR:logger:Signature verification failed
DEBUG:logger:{'status': 500, 'errors': 'Signature verification failed', 'results': None}
INFO:werkzeug:127.0.0.1 - - [07/Dec/2024 12:03:46] "POST /register/administrador HTTP/1.1" 200 -
INFO:logger:###              DEMO: POST /aeroporto             ###
INFO:werkzeug:127.0.0.1 - - [07/Dec/2024 12:07:48] "POST /aeroporto/ HTTP/1.1" 200 -
INFO:logger:###              DEMO: POST /aeroporto             ###
INFO:werkzeug:127.0.0.1 - - [07/Dec/2024 12:08:07] "POST /aeroporto/ HTTP/1.1" 200 -
INFO:werkzeug: * Detected change in '/Users/laura_barreto06/sgd-demo-2024-main/python/app/demo-api-sgd.py', reloading
INFO:werkzeug: * Restarting with stat
INFO:logger:
---------------------------------------------------------------
API v1.0 online: http://localhost:8080/projeto


WARNING:werkzeug: * Debugger is active!
INFO:werkzeug: * Debugger PIN: 822-405-388
INFO:logger:---- POST / aeroporto ----
INFO:logger:---- New aeroporto ----
DEBUG:logger:payload: {'id_aeroporto': 123, 'nome': 'Aeroporto Internacional de Lisboa', 'cidade': 'Lisboa', 'pais': 'Portugal', 'administrador_utilizador_user_id': 1234}
ERROR:logger:error: INSERT has more expressions than target columns
CONTEXT:  PL/pgSQL function add_aeroporto(integer,character varying,character varying,character varying) line 10 at RAISE

INFO:werkzeug:127.0.0.1 - - [07/Dec/2024 12:08:14] "POST /aeroporto/ HTTP/1.1" 200 -
INFO:logger:---- POST / aeroporto ----
INFO:werkzeug:127.0.0.1 - - [07/Dec/2024 12:08:26] "[31m[1mPOST /aeroporto/ HTTP/1.1[0m" 400 -
INFO:logger:---- POST / aeroporto ----
INFO:logger:---- New aeroporto ----
DEBUG:logger:payload: {'id_aeroporto': 123, 'nome': 'Aeroporto Internacional de Lisboa', 'cidade': 'Lisboa', 'pais': 'Portugal'}
ERROR:logger:error: INSERT has more expressions than target columns
CONTEXT:  PL/pgSQL function add_aeroporto(integer,character varying,character varying,character varying) line 10 at RAISE

INFO:werkzeug:127.0.0.1 - - [07/Dec/2024 12:08:31] "POST /aeroporto/ HTTP/1.1" 200 -
INFO:werkzeug: * Detected change in '/Users/laura_barreto06/sgd-demo-2024-main/python/app/demo-api-sgd.py', reloading
INFO:werkzeug: * Restarting with stat
INFO:logger:
---------------------------------------------------------------
API v1.0 online: http://localhost:8080/projeto


WARNING:werkzeug: * Debugger is active!
INFO:werkzeug: * Debugger PIN: 822-405-388
INFO:werkzeug: * Detected change in '/Users/laura_barreto06/sgd-demo-2024-main/python/app/demo-api-sgd.py', reloading
INFO:werkzeug: * Restarting with stat
INFO:logger:
---------------------------------------------------------------
API v1.0 online: http://localhost:8080/projeto


WARNING:werkzeug: * Debugger is active!
INFO:werkzeug: * Debugger PIN: 822-405-388
INFO:logger:---- POST / aeroporto ----
INFO:werkzeug:127.0.0.1 - - [07/Dec/2024 12:10:42] "POST /aeroporto/ HTTP/1.1" 200 -
INFO:werkzeug: * Detected change in '/Users/laura_barreto06/sgd-demo-2024-main/python/app/demo-api-sgd.py', reloading
INFO:werkzeug: * Restarting with stat
INFO:logger:
---------------------------------------------------------------
API v1.0 online: http://localhost:8080/projeto


WARNING:werkzeug: * Debugger is active!
INFO:werkzeug: * Debugger PIN: 822-405-388
INFO:logger:---- POST / aeroporto ----
INFO:logger:---- New aeroporto ----
DEBUG:logger:payload: {'id_aeroporto': 123, 'nome': 'Aeroporto Internacional de Lisboa', 'cidade': 'Lisboa', 'pais': 'Portugal', 'administrador_utilizador_user_id': 1234}
ERROR:logger:procedure add_aeroporto(integer, character varying, character varying, character varying, integer) does not exist
LINE 1: CALL add_aeroporto (123::int, 'Aeroporto Internacional de Li...
             ^
HINT:  No procedure matches the given name and argument types. You might need to add explicit type casts.

INFO:werkzeug:127.0.0.1 - - [07/Dec/2024 12:10:59] "POST /aeroporto/ HTTP/1.1" 200 -
INFO:logger:---- POST / aeroporto ----
INFO:logger:---- New aeroporto ----
DEBUG:logger:payload: {'id_aeroporto': 123, 'nome': 'Aeroporto Internacional de Lisboa', 'cidade': 'Lisboa', 'pais': 'Portugal', 'administrador_utilizador_user_id': 1234}
ERROR:logger:error: insert or update on table "aeroporto" violates foreign key constraint "aeroporto_fk1"
CONTEXT:  PL/pgSQL function add_aeroporto(integer,character varying,character varying,character varying,integer) line 10 at RAISE

INFO:werkzeug:127.0.0.1 - - [07/Dec/2024 12:16:02] "POST /aeroporto/ HTTP/1.1" 200 -
INFO:logger:---- POST / aeroporto ----
INFO:logger:---- New aeroporto ----
DEBUG:logger:payload: {'id_aeroporto': 123, 'nome': 'Aeroporto Internacional de Lisboa', 'cidade': 'Lisboa', 'pais': 'Portugal'}
INFO:werkzeug:127.0.0.1 - - [07/Dec/2024 12:16:17] "[35m[1mPOST /aeroporto/ HTTP/1.1[0m" 500 -
INFO:logger:---- POST / aeroporto ----
INFO:logger:---- New aeroporto ----
DEBUG:logger:payload: {'id_aeroporto': 123, 'nome': 'Aeroporto Internacional de Lisboa', 'cidade': 'Lisboa', 'pais': 'Portugal'}
INFO:werkzeug:127.0.0.1 - - [07/Dec/2024 12:17:04] "[35m[1mPOST /aeroporto/ HTTP/1.1[0m" 500 -
INFO:logger:---- POST / aeroporto ----
INFO:logger:---- New aeroporto ----
DEBUG:logger:payload: {'id_aeroporto': 123, 'nome': 'Aeroporto Internacional de Lisboa', 'cidade': 'Lisboa', 'pais': 'Portugal', 'administrador_utilizador_user_id': 1234}
ERROR:logger:error: insert or update on table "aeroporto" violates foreign key constraint "aeroporto_fk1"
CONTEXT:  PL/pgSQL function add_aeroporto(integer,character varying,character varying,character varying,integer) line 10 at RAISE

INFO:werkzeug:127.0.0.1 - - [07/Dec/2024 12:17:12] "POST /aeroporto/ HTTP/1.1" 200 -
INFO:werkzeug: * Detected change in '/Users/laura_barreto06/sgd-demo-2024-main/python/app/demo-api-sgd.py', reloading
INFO:werkzeug: * Restarting with stat
INFO:logger:
---------------------------------------------------------------
API v1.0 online: http://localhost:8080/projeto


WARNING:werkzeug: * Debugger is active!
INFO:werkzeug: * Debugger PIN: 822-405-388
INFO:werkzeug: * Detected change in '/Users/laura_barreto06/sgd-demo-2024-main/python/app/demo-api-sgd.py', reloading
INFO:werkzeug: * Restarting with stat
INFO:logger:
---------------------------------------------------------------
API v1.0 online: http://localhost:8080/projeto


WARNING:werkzeug: * Debugger is active!
INFO:werkzeug: * Debugger PIN: 822-405-388
INFO:logger:---- POST / register utilizador ----
DEBUG:logger:{'user_id': 10, 'username': 'admin hehe', 'email': 'admin@example.com', 'password': 'wait1'}
INFO:logger:---- New cliente ----
DEBUG:logger:{'status': 200, 'errors': None, 'results': 10}
INFO:werkzeug:127.0.0.1 - - [07/Dec/2024 12:26:41] "POST /register/cliente HTTP/1.1" 200 -
INFO:werkzeug: * Detected change in '/Users/laura_barreto06/sgd-demo-2024-main/python/app/demo-api-sgd.py', reloading
INFO:werkzeug: * Restarting with stat
INFO:logger:
---------------------------------------------------------------
API v1.0 online: http://localhost:8080/projeto


WARNING:werkzeug: * Debugger is active!
INFO:werkzeug: * Debugger PIN: 822-405-388
INFO:werkzeug: * Detected change in '/Users/laura_barreto06/sgd-demo-2024-main/python/app/demo-api-sgd.py', reloading
INFO:werkzeug: * Restarting with stat
INFO:logger:
---------------------------------------------------------------
API v1.0 online: http://localhost:8080/projeto


WARNING:werkzeug: * Debugger is active!
INFO:werkzeug: * Debugger PIN: 822-405-388
INFO:logger:---- POST / aeroporto ----
INFO:werkzeug:127.0.0.1 - - [07/Dec/2024 12:47:05] "POST /aeroporto/ HTTP/1.1" 200 -
INFO:werkzeug: * Detected change in '/Users/laura_barreto06/sgd-demo-2024-main/python/app/demo-api-sgd.py', reloading
INFO:werkzeug: * Restarting with stat
INFO:logger:
---------------------------------------------------------------
API v1.0 online: http://localhost:8080/projeto


WARNING:werkzeug: * Debugger is active!
INFO:werkzeug: * Debugger PIN: 822-405-388
INFO:logger:---- New aeroporto ----
DEBUG:logger:payload: {'id_aeroporto': 123, 'nome': 'Aeroporto Internacional de Lisboa', 'cidade': 'Lisboa', 'pais': 'Portugal'}
INFO:werkzeug:127.0.0.1 - - [07/Dec/2024 12:47:31] "[35m[1mPOST /aeroporto/ HTTP/1.1[0m" 500 -
INFO:werkzeug: * Detected change in '/Users/laura_barreto06/sgd-demo-2024-main/python/app/demo-api-sgd.py', reloading
INFO:werkzeug: * Restarting with stat
INFO:logger:
---------------------------------------------------------------
API v1.0 online: http://localhost:8080/projeto


WARNING:werkzeug: * Debugger is active!
INFO:werkzeug: * Debugger PIN: 822-405-388
INFO:logger:---- New aeroporto ----
DEBUG:logger:payload: {'id_aeroporto': 123, 'nome': 'Aeroporto Internacional de Lisboa', 'cidade': 'Lisboa', 'pais': 'Portugal'}
ERROR:logger:error: null value in column "administrador_utilizador_user_id" of relation "aeroporto" violates not-null constraint
CONTEXT:  PL/pgSQL function add_aeroporto(integer,character varying,character varying,character varying) line 10 at RAISE

INFO:werkzeug:127.0.0.1 - - [07/Dec/2024 12:48:43] "POST /aeroporto/ HTTP/1.1" 200 -
INFO:werkzeug:127.0.0.1 - - [07/Dec/2024 12:54:11] "[32mPUT /login HTTP/1.1[0m" 308 -
INFO:logger:---- PUT / login ----
DEBUG:logger:{'status': 200, 'errors': None, 'results': 'eyJhbGciOiJIUzI1NiIsInR5cCI6IkpXVCJ9.eyJ1c2VyX2lkIjoiOCIsInJvbGUiOiJjbGllbnRlIn0.SGjeIPorYW35GmF4-dqS6i9TFKlCmvtte4AJA5pR4WU'}
INFO:werkzeug:127.0.0.1 - - [07/Dec/2024 12:54:12] "PUT /login/ HTTP/1.1" 200 -
INFO:logger:---- New aeroporto ----
DEBUG:logger:payload: {'id_aeroporto': 123, 'nome': 'Aeroporto Internacional de Lisboa', 'cidade': 'Lisboa', 'pais': 'Portugal', 'administrador_utilizador_user_id': 1234}
ERROR:logger:procedure add_aeroporto(integer, character varying, character varying, character varying) does not exist
LINE 1: CALL add_aeroporto (123::int, 'Aeroporto Internacional de Li...
             ^
HINT:  No procedure matches the given name and argument types. You might need to add explicit type casts.

INFO:werkzeug:127.0.0.1 - - [07/Dec/2024 12:56:19] "POST /aeroporto/ HTTP/1.1" 200 -
INFO:logger:---- New aeroporto ----
DEBUG:logger:payload: {'id_aeroporto': 123, 'nome': 'Aeroporto', 'cidade': 'Lisboa', 'pais': 'Portugal', 'administrador_utilizador_user_id': 1}
ERROR:logger:procedure add_aeroporto(integer, character varying, character varying, character varying) does not exist
LINE 1: CALL add_aeroporto (123::int, 'Aeroporto'::varchar, 'Lisboa'...
             ^
HINT:  No procedure matches the given name and argument types. You might need to add explicit type casts.

INFO:werkzeug:127.0.0.1 - - [07/Dec/2024 12:57:27] "POST /aeroporto/ HTTP/1.1" 200 -
INFO:werkzeug: * Detected change in '/Users/laura_barreto06/sgd-demo-2024-main/python/app/demo-api-sgd.py', reloading
INFO:werkzeug: * Restarting with stat
INFO:logger:
---------------------------------------------------------------
API v1.0 online: http://localhost:8080/projeto


WARNING:werkzeug: * Debugger is active!
INFO:werkzeug: * Debugger PIN: 822-405-388
INFO:logger:
---------------------------------------------------------------
API v1.0 online: http://localhost:8080/projeto


INFO:werkzeug:[31m[1mWARNING: This is a development server. Do not use it in a production deployment. Use a production WSGI server instead.[0m
 * Running on all addresses (0.0.0.0)
 * Running on http://127.0.0.1:8080
 * Running on http://192.168.0.194:8080
INFO:werkzeug:[33mPress CTRL+C to quit[0m
INFO:werkzeug: * Restarting with stat
INFO:logger:
---------------------------------------------------------------
API v1.0 online: http://localhost:8080/projeto


WARNING:werkzeug: * Debugger is active!
INFO:werkzeug: * Debugger PIN: 822-405-388
INFO:logger:---- POST / register sys_user ----
DEBUG:logger:req: {'user_id': 10, 'username': 'admin hehe', 'email': 'admin@example.com', 'password': 'wait1'}
DEBUG:logger:---- New cliente ----
DEBUG:logger:res: {'status': 200, 'errors': None, 'results': 10}
INFO:werkzeug:127.0.0.1 - - [07/Dec/2024 19:26:06] "POST /register/cliente HTTP/1.1" 200 -
INFO:logger:---- POST / register sys_user ----
DEBUG:logger:req: {'user_id': 10, 'username': 'admin hehe', 'email': 'admin@example.com', 'password': 'wait1'}
INFO:werkzeug:127.0.0.1 - - [07/Dec/2024 19:27:06] "POST /register/administrator HTTP/1.1" 200 -
INFO:logger:---- POST / register sys_user ----
DEBUG:logger:req: {'user_id': 10, 'username': 'costumer1', 'email': 'costumer1@example.com', 'password': 'hehe'}
ERROR:logger:cannot access local variable 'statement' where it is not associated with a value
DEBUG:logger:res: {'status': 500, 'errors': "cannot access local variable 'statement' where it is not associated with a value", 'results': None}
INFO:werkzeug:127.0.0.1 - - [07/Dec/2024 19:27:51] "POST /register/costumer HTTP/1.1" 200 -
INFO:logger:---- POST / register sys_user ----
DEBUG:logger:req: {'user_id': 10, 'username': 'costumer1', 'email': 'costumer1@example.com', 'password': 'hehe'}
ERROR:logger:cannot access local variable 'statement' where it is not associated with a value
DEBUG:logger:res: {'status': 500, 'errors': "cannot access local variable 'statement' where it is not associated with a value", 'results': None}
INFO:werkzeug:127.0.0.1 - - [07/Dec/2024 19:28:49] "POST /register/costumer HTTP/1.1" 200 -
INFO:werkzeug: * Detected change in '/Users/laura_barreto06/sgd-demo-2024-main/python/app/demo-api-sgd.py', reloading
INFO:werkzeug: * Restarting with stat
INFO:logger:
---------------------------------------------------------------
API v1.0 online: http://localhost:8080/projeto


WARNING:werkzeug: * Debugger is active!
INFO:werkzeug: * Debugger PIN: 822-405-388
INFO:logger:---- POST / register sys_user ----
DEBUG:logger:req: {'user_id': 10, 'username': 'costumer1', 'email': 'costumer1@example.com', 'password': 'hehe'}
ERROR:logger:procedure add_costumer(integer, character varying, character varying, character varying) does not exist
LINE 1: CALL add_costumer (10::int, 'costumer1'::varchar, 'costumer1...
             ^
HINT:  No procedure matches the given name and argument types. You might need to add explicit type casts.

DEBUG:logger:res: {'status': 500, 'errors': "procedure add_costumer(integer, character varying, character varying, character varying) does not exist\nLINE 1: CALL add_costumer (10::int, 'costumer1'::varchar, 'costumer1...\n             ^\nHINT:  No procedure matches the given name and argument types. You might need to add explicit type casts.\n", 'results': None}
INFO:werkzeug:127.0.0.1 - - [07/Dec/2024 19:29:04] "POST /register/costumer HTTP/1.1" 200 -
INFO:logger:
---------------------------------------------------------------
API v1.0 online: http://localhost:8080/projeto


INFO:werkzeug:[31m[1mWARNING: This is a development server. Do not use it in a production deployment. Use a production WSGI server instead.[0m
 * Running on all addresses (0.0.0.0)
 * Running on http://127.0.0.1:8080
 * Running on http://192.168.0.194:8080
INFO:werkzeug:[33mPress CTRL+C to quit[0m
INFO:werkzeug: * Restarting with stat
INFO:logger:
---------------------------------------------------------------
API v1.0 online: http://localhost:8080/projeto


WARNING:werkzeug: * Debugger is active!
INFO:werkzeug: * Debugger PIN: 822-405-388
INFO:logger:---- POST / register sys_user ----
DEBUG:logger:req: {'user_id': 10, 'username': 'costumer1', 'email': 'costumer1@example.com', 'password': 'hehe'}
ERROR:logger:error: The user_id already exists!!
CONTEXT:  PL/pgSQL function add_costumer(integer,character varying,character varying,character varying) line 11 at RAISE

DEBUG:logger:res: {'status': 500, 'errors': 'error: The user_id already exists!!\nCONTEXT:  PL/pgSQL function add_costumer(integer,character varying,character varying,character varying) line 11 at RAISE\n', 'results': None}
INFO:werkzeug:127.0.0.1 - - [07/Dec/2024 19:30:30] "POST /register/costumer HTTP/1.1" 200 -
INFO:logger:---- POST / register sys_user ----
DEBUG:logger:req: {'user_id': 1234, 'username': 'costumer1', 'email': 'costumer1@example.com', 'password': 'hehe'}
DEBUG:logger:---- New costumer ----
DEBUG:logger:res: {'status': 200, 'errors': None, 'results': 1234}
INFO:werkzeug:127.0.0.1 - - [07/Dec/2024 19:30:48] "POST /register/costumer HTTP/1.1" 200 -
INFO:werkzeug:127.0.0.1 - - [07/Dec/2024 19:32:06] "[32mPUT /login HTTP/1.1[0m" 308 -
INFO:logger:---- PUT / login ----
DEBUG:logger:req: {'username': 'costumer1', 'password': 'hehe'}
ERROR:logger:not all arguments converted during string formatting
DEBUG:logger:res: {'status': 500, 'errors': 'not all arguments converted during string formatting', 'results': None}
INFO:werkzeug:127.0.0.1 - - [07/Dec/2024 19:32:07] "PUT /login/ HTTP/1.1" 200 -
INFO:werkzeug: * Detected change in '/Users/laura_barreto06/sgd-demo-2024-main/python/app/demo-api-sgd.py', reloading
INFO:werkzeug: * Restarting with stat
INFO:logger:
---------------------------------------------------------------
API v1.0 online: http://localhost:8080/projeto


WARNING:werkzeug: * Debugger is active!
INFO:werkzeug: * Debugger PIN: 822-405-388
INFO:werkzeug:127.0.0.1 - - [07/Dec/2024 19:36:25] "[32mPUT /login HTTP/1.1[0m" 308 -
INFO:logger:---- PUT / login ----
DEBUG:logger:req: {'username': 'costumer1', 'password': 'hehe'}
ERROR:logger:not all arguments converted during string formatting
DEBUG:logger:res: {'status': 500, 'errors': 'not all arguments converted during string formatting', 'results': None}
INFO:werkzeug:127.0.0.1 - - [07/Dec/2024 19:36:25] "PUT /login/ HTTP/1.1" 200 -
INFO:werkzeug:127.0.0.1 - - [07/Dec/2024 19:36:30] "[32mPUT /login HTTP/1.1[0m" 308 -
INFO:logger:---- PUT / login ----
DEBUG:logger:req: {'username': 'costumer1', 'password': 'hehe'}
ERROR:logger:not all arguments converted during string formatting
DEBUG:logger:res: {'status': 500, 'errors': 'not all arguments converted during string formatting', 'results': None}
INFO:werkzeug:127.0.0.1 - - [07/Dec/2024 19:36:31] "PUT /login/ HTTP/1.1" 200 -
INFO:werkzeug: * Detected change in '/Users/laura_barreto06/sgd-demo-2024-main/python/app/demo-api-sgd.py', reloading
INFO:werkzeug: * Restarting with stat
INFO:logger:
---------------------------------------------------------------
API v1.0 online: http://localhost:8080/projeto


WARNING:werkzeug: * Debugger is active!
INFO:werkzeug: * Debugger PIN: 822-405-388
INFO:werkzeug:127.0.0.1 - - [07/Dec/2024 19:42:30] "[32mPUT /login HTTP/1.1[0m" 308 -
INFO:logger:---- PUT / login ----
DEBUG:logger:req: {'username': 'costumer1', 'password': 'hehe'}
DEBUG:logger:res: {'status': 200, 'errors': None, 'results': 'eyJhbGciOiJIUzI1NiIsInR5cCI6IkpXVCJ9.eyJ1c2VyX2lkIjoiMTIzNCIsInJvbGUiOiJjb3N0dW1lciJ9.TvvCyNBf8Rl2Z0CgQtc17du4-ppW0r_Bng8HhZpAeLU'}
INFO:werkzeug:127.0.0.1 - - [07/Dec/2024 19:42:31] "PUT /login/ HTTP/1.1" 200 -
INFO:werkzeug:127.0.0.1 - - [07/Dec/2024 19:50:18] "[32mPUT /login HTTP/1.1[0m" 308 -
INFO:logger:---- PUT / login ----
DEBUG:logger:req: {'username': 'admin1', 'password': 'admin123'}
ERROR:logger:Invalid salt
DEBUG:logger:res: {'status': 500, 'errors': 'Invalid salt', 'results': None}
INFO:werkzeug:127.0.0.1 - - [07/Dec/2024 19:50:19] "PUT /login/ HTTP/1.1" 200 -
INFO:logger:
---------------------------------------------------------------
API v1.0 online: http://localhost:8080/projeto


INFO:werkzeug:[31m[1mWARNING: This is a development server. Do not use it in a production deployment. Use a production WSGI server instead.[0m
 * Running on all addresses (0.0.0.0)
 * Running on http://127.0.0.1:8080
 * Running on http://192.168.0.194:8080
INFO:werkzeug:[33mPress CTRL+C to quit[0m
INFO:werkzeug: * Restarting with stat
INFO:logger:
---------------------------------------------------------------
API v1.0 online: http://localhost:8080/projeto


WARNING:werkzeug: * Debugger is active!
INFO:werkzeug: * Debugger PIN: 822-405-388
INFO:logger:---- POST / register sys_user ----
DEBUG:logger:req: {'user_id': 1234, 'username': 'admin1', 'email': 'admin1@example.com', 'password': '$2b$12$P1/Ayn5eXG5sXW6yI22SIemaw33h84Nx81LW4Se2HbD4Ybs9lrj6y'}
INFO:werkzeug:127.0.0.1 - - [07/Dec/2024 20:00:11] "POST /register/administrator HTTP/1.1" 200 -
INFO:werkzeug:127.0.0.1 - - [07/Dec/2024 20:01:53] "[32mPUT /login HTTP/1.1[0m" 308 -
INFO:logger:---- PUT / login ----
DEBUG:logger:req: {'username': 'admin1', 'password': 'admin123'}
DEBUG:logger:res: {'status': 200, 'errors': None, 'results': 'eyJhbGciOiJIUzI1NiIsInR5cCI6IkpXVCJ9.eyJ1c2VyX2lkIjoiMTIzNDUiLCJyb2xlIjoiYWRtaW5pc3RyYXRvciJ9.WtD_yoEvr4Uad3_I2XN3ZYDz0BkDDrwLtmE6PoCAqYA'}
INFO:werkzeug:127.0.0.1 - - [07/Dec/2024 20:01:54] "PUT /login/ HTTP/1.1" 200 -
INFO:logger:---- POST / register sys_user ----
DEBUG:logger:req: {'user_id': 1234, 'username': 'admin2', 'email': 'admin2@example.com', 'password': 'admin234'}
INFO:werkzeug:127.0.0.1 - - [07/Dec/2024 20:02:29] "POST /register/administrator HTTP/1.1" 200 -
INFO:logger:---- POST / register sys_user ----
DEBUG:logger:req: {'user_id': 23456, 'username': 'admin2', 'email': 'admin2@example.com', 'password': 'admin234'}
INFO:werkzeug:127.0.0.1 - - [07/Dec/2024 20:06:39] "[35m[1mPOST /register/administrator HTTP/1.1[0m" 500 -
INFO:logger:---- POST / register sys_user ----
DEBUG:logger:req: {'user_id': 23456, 'username': 'admin2', 'email': 'admin2@example.com', 'password': 'admin234'}
INFO:werkzeug:127.0.0.1 - - [07/Dec/2024 20:08:02] "[35m[1mPOST /register/administrator HTTP/1.1[0m" 500 -
INFO:logger:---- POST / register sys_user ----
DEBUG:logger:req: {'user_id': 23456, 'username': 'admin2', 'email': 'admin2@example.com', 'password': 'admin234'}
INFO:werkzeug:127.0.0.1 - - [07/Dec/2024 20:08:32] "[35m[1mPOST /register/administrator HTTP/1.1[0m" 500 -
INFO:werkzeug:127.0.0.1 - - [07/Dec/2024 20:12:12] "[32mPUT /login HTTP/1.1[0m" 308 -
INFO:logger:---- PUT / login ----
DEBUG:logger:req: {'username': 'admin1', 'password': 'admin123'}
DEBUG:logger:res: {'status': 200, 'errors': None, 'results': 'eyJhbGciOiJIUzI1NiIsInR5cCI6IkpXVCJ9.eyJ1c2VyX2lkIjoiMTIzNDUiLCJyb2xlIjoiYWRtaW5pc3RyYXRvciJ9.WtD_yoEvr4Uad3_I2XN3ZYDz0BkDDrwLtmE6PoCAqYA'}
INFO:werkzeug:127.0.0.1 - - [07/Dec/2024 20:12:13] "PUT /login/ HTTP/1.1" 200 -
INFO:logger:---- POST / register sys_user ----
DEBUG:logger:req: {'user_id': 23456, 'username': 'admin2', 'email': 'admin2@example.com', 'password': 'admin234'}
INFO:werkzeug:127.0.0.1 - - [07/Dec/2024 20:16:40] "POST /register/administrator HTTP/1.1" 200 -
INFO:werkzeug:127.0.0.1 - - [07/Dec/2024 21:33:54] "[32mPUT /login HTTP/1.1[0m" 308 -
INFO:logger:---- PUT / login ----
DEBUG:logger:req: {'username': 'admin1', 'password': 'admin123'}
DEBUG:logger:res: {'status': 200, 'errors': None, 'results': 'eyJhbGciOiJIUzI1NiIsInR5cCI6IkpXVCJ9.eyJ1c2VyX2lkIjoiMTIzNDUiLCJyb2xlIjoiYWRtaW5pc3RyYXRvciJ9.WtD_yoEvr4Uad3_I2XN3ZYDz0BkDDrwLtmE6PoCAqYA'}
INFO:werkzeug:127.0.0.1 - - [07/Dec/2024 21:33:55] "PUT /login/ HTTP/1.1" 200 -
INFO:logger:---- POST / register sys_user ----
DEBUG:logger:req: {'user_id': 23456, 'username': 'admin2', 'email': 'admin2@example.com', 'password': 'admin234'}
INFO:werkzeug:127.0.0.1 - - [07/Dec/2024 21:34:03] "POST /register/administrator HTTP/1.1" 200 -
INFO:werkzeug:127.0.0.1 - - [07/Dec/2024 21:42:07] "[32mPUT /login HTTP/1.1[0m" 308 -
INFO:logger:---- PUT / login ----
DEBUG:logger:req: {'username': 'admin1', 'password': 'admin123'}
DEBUG:logger:res: {'status': 200, 'errors': None, 'results': 'eyJhbGciOiJIUzI1NiIsInR5cCI6IkpXVCJ9.eyJ1c2VyX2lkIjoiMTIzNDUiLCJyb2xlIjoiYWRtaW5pc3RyYXRvciJ9.WtD_yoEvr4Uad3_I2XN3ZYDz0BkDDrwLtmE6PoCAqYA'}
INFO:werkzeug:127.0.0.1 - - [07/Dec/2024 21:42:08] "PUT /login/ HTTP/1.1" 200 -
INFO:werkzeug:127.0.0.1 - - [07/Dec/2024 21:42:38] "[32mPUT /login HTTP/1.1[0m" 308 -
INFO:logger:---- PUT / login ----
DEBUG:logger:req: {'username': 'admin1', 'password': 'admin123'}
DEBUG:logger:res: {'status': 200, 'errors': None, 'results': 'eyJhbGciOiJIUzI1NiIsInR5cCI6IkpXVCJ9.eyJ1c2VyX2lkIjoiMTIzNDUiLCJyb2xlIjoiYWRtaW5pc3RyYXRvciJ9.WtD_yoEvr4Uad3_I2XN3ZYDz0BkDDrwLtmE6PoCAqYA'}
INFO:werkzeug:127.0.0.1 - - [07/Dec/2024 21:42:39] "PUT /login/ HTTP/1.1" 200 -
INFO:logger:---- POST / register sys_user ----
DEBUG:logger:req: {'user_id': 23456, 'username': 'admin2', 'email': 'admin2@example.com', 'password': 'admin234'}
INFO:werkzeug:127.0.0.1 - - [07/Dec/2024 21:42:43] "POST /register/administrator HTTP/1.1" 200 -
INFO:logger:---- POST / register sys_user ----
DEBUG:logger:req: {'user_id': 23456, 'username': 'admin2', 'email': 'admin2@example.com', 'password': 'admin234'}
INFO:werkzeug:127.0.0.1 - - [07/Dec/2024 21:42:44] "POST /register/administrator HTTP/1.1" 200 -
INFO:werkzeug: * Detected change in '/Users/laura_barreto06/sgd-demo-2024-main/python/app/demo-api-sgd.py', reloading
INFO:werkzeug: * Restarting with stat
INFO:logger:
---------------------------------------------------------------
API v1.0 online: http://localhost:8080/projeto


WARNING:werkzeug: * Debugger is active!
INFO:werkzeug: * Debugger PIN: 822-405-388
INFO:logger:---- POST / register sys_user ----
DEBUG:logger:req: {'user_id': 23456, 'username': 'admin2', 'email': 'admin2@example.com', 'password': 'admin234'}
INFO:werkzeug:127.0.0.1 - - [07/Dec/2024 21:44:25] "[35m[1mPOST /register/administrator HTTP/1.1[0m" 500 -
INFO:logger:---- POST / register sys_user ----
DEBUG:logger:req: {'user_id': 23456, 'username': 'admin2', 'email': 'admin2@example.com', 'password': 'admin234'}
INFO:werkzeug:127.0.0.1 - - [07/Dec/2024 21:48:08] "POST /register/administrator HTTP/1.1" 200 -
INFO:werkzeug:127.0.0.1 - - [07/Dec/2024 21:48:47] "[32mPUT /login HTTP/1.1[0m" 308 -
INFO:logger:---- PUT / login ----
DEBUG:logger:req: {'username': 'admin1', 'password': 'admin123'}
DEBUG:logger:res: {'status': 200, 'errors': None, 'results': 'eyJhbGciOiJIUzI1NiIsInR5cCI6IkpXVCJ9.eyJ1c2VyX2lkIjoiMTIzNDUiLCJyb2xlIjoiYWRtaW5pc3RyYXRvciJ9.WtD_yoEvr4Uad3_I2XN3ZYDz0BkDDrwLtmE6PoCAqYA'}
INFO:werkzeug:127.0.0.1 - - [07/Dec/2024 21:48:48] "PUT /login/ HTTP/1.1" 200 -
INFO:werkzeug: * Detected change in '/Users/laura_barreto06/sgd-demo-2024-main/python/app/demo-api-sgd.py', reloading
INFO:werkzeug: * Restarting with stat
INFO:logger:
---------------------------------------------------------------
API v1.0 online: http://localhost:8080/projeto


WARNING:werkzeug: * Debugger is active!
INFO:werkzeug: * Debugger PIN: 822-405-388
INFO:werkzeug:127.0.0.1 - - [07/Dec/2024 21:49:00] "[32mPUT /login HTTP/1.1[0m" 308 -
INFO:logger:---- PUT / login ----
DEBUG:logger:req: {'username': 'admin1', 'password': 'admin123'}
DEBUG:logger:res: {'status': 200, 'errors': None, 'results': 'eyJhbGciOiJIUzI1NiIsInR5cCI6IkpXVCJ9.eyJ1c2VyX2lkIjoiMTIzNDUiLCJyb2xlIjoiYWRtaW5pc3RyYXRvciJ9.WtD_yoEvr4Uad3_I2XN3ZYDz0BkDDrwLtmE6PoCAqYA'}
INFO:werkzeug:127.0.0.1 - - [07/Dec/2024 21:49:01] "PUT /login/ HTTP/1.1" 200 -
INFO:logger:---- POST / register sys_user ----
DEBUG:logger:req: {'user_id': 23456, 'username': 'admin2', 'email': 'admin2@example.com', 'password': 'admin234'}
INFO:werkzeug:127.0.0.1 - - [07/Dec/2024 21:49:04] "[35m[1mPOST /register/administrator HTTP/1.1[0m" 500 -
INFO:logger:---- POST / register sys_user ----
DEBUG:logger:req: {'user_id': 23456, 'username': 'admin2', 'email': 'admin2@example.com', 'password': 'admin234'}
INFO:werkzeug:127.0.0.1 - - [07/Dec/2024 21:53:15] "POST /register/administrator HTTP/1.1" 200 -
INFO:logger:---- POST / register sys_user ----
DEBUG:logger:req: {'user_id': 23456, 'username': 'admin2', 'email': 'admin2@example.com', 'password': 'admin234'}
INFO:werkzeug:127.0.0.1 - - [07/Dec/2024 21:53:57] "POST /register/administrator HTTP/1.1" 200 -
INFO:logger:---- POST / register sys_user ----
DEBUG:logger:req: {'user_id': 23456, 'username': 'admin2', 'email': 'admin2@example.com', 'password': 'admin234'}
INFO:werkzeug:127.0.0.1 - - [07/Dec/2024 21:54:07] "POST /register/administrator HTTP/1.1" 200 -
INFO:logger:---- POST / register sys_user ----
DEBUG:logger:req: {'user_id': 23456, 'username': 'admin2', 'email': 'admin2@example.com', 'password': 'admin234'}
INFO:werkzeug:127.0.0.1 - - [07/Dec/2024 21:56:47] "[35m[1mPOST /register/administrator HTTP/1.1[0m" 500 -
INFO:logger:---- POST / register sys_user ----
DEBUG:logger:req: {'user_id': 23456, 'username': 'admin2', 'email': 'admin2@example.com', 'password': 'admin234'}
INFO:werkzeug:127.0.0.1 - - [07/Dec/2024 21:57:37] "[35m[1mPOST /register/administrator HTTP/1.1[0m" 500 -
INFO:logger:---- POST / register sys_user ----
DEBUG:logger:req: {'user_id': 23456, 'username': 'admin2', 'email': 'admin2@example.com', 'password': 'admin234'}
INFO:werkzeug:127.0.0.1 - - [07/Dec/2024 22:02:25] "POST /register/administrator HTTP/1.1" 200 -
INFO:logger:---- POST / register sys_user ----
DEBUG:logger:req: {'user_id': 23456, 'username': 'admin2', 'email': 'admin2@example.com', 'password': 'admin234'}
INFO:werkzeug:127.0.0.1 - - [07/Dec/2024 22:03:07] "[35m[1mPOST /register/administrator HTTP/1.1[0m" 500 -
INFO:werkzeug:127.0.0.1 - - [07/Dec/2024 22:05:58] "[32mPUT /login HTTP/1.1[0m" 308 -
INFO:logger:---- PUT / login ----
DEBUG:logger:req: {'username': 'admin1', 'password': 'admin123'}
DEBUG:logger:res: {'status': 200, 'errors': None, 'results': 'eyJhbGciOiJIUzI1NiIsInR5cCI6IkpXVCJ9.eyJ1c2VyX2lkIjoiMTIzNDUiLCJyb2xlIjoiYWRtaW5pc3RyYXRvciJ9.WtD_yoEvr4Uad3_I2XN3ZYDz0BkDDrwLtmE6PoCAqYA'}
INFO:werkzeug:127.0.0.1 - - [07/Dec/2024 22:05:58] "PUT /login/ HTTP/1.1" 200 -
INFO:logger:---- POST / register sys_user ----
DEBUG:logger:req: {'user_id': 23456, 'username': 'admin2', 'email': 'admin2@example.com', 'password': 'admin234'}
INFO:werkzeug:127.0.0.1 - - [07/Dec/2024 22:06:20] "[35m[1mPOST /register/administrator HTTP/1.1[0m" 500 -
INFO:werkzeug: * Detected change in '/Users/laura_barreto06/sgd-demo-2024-main/python/app/demo-api-sgd.py', reloading
INFO:werkzeug: * Restarting with stat
INFO:logger:
---------------------------------------------------------------
API v1.0 online: http://localhost:8080/projeto


WARNING:werkzeug: * Debugger is active!
INFO:werkzeug: * Debugger PIN: 822-405-388
INFO:logger:---- POST / register sys_user ----
DEBUG:logger:req: {'user_id': 23456, 'username': 'admin2', 'email': 'admin2@example.com', 'password': 'admin234'}
ERROR:logger:tuple index out of range
DEBUG:logger:res: {'status': 500, 'errors': 'tuple index out of range', 'results': None}
INFO:werkzeug:127.0.0.1 - - [07/Dec/2024 22:07:14] "POST /register/administrator HTTP/1.1" 200 -
INFO:logger:
---------------------------------------------------------------
API v1.0 online: http://localhost:8080/projeto


INFO:werkzeug:[31m[1mWARNING: This is a development server. Do not use it in a production deployment. Use a production WSGI server instead.[0m
 * Running on all addresses (0.0.0.0)
 * Running on http://127.0.0.1:8080
 * Running on http://192.168.0.194:8080
INFO:werkzeug:[33mPress CTRL+C to quit[0m
INFO:werkzeug: * Restarting with stat
INFO:logger:
---------------------------------------------------------------
API v1.0 online: http://localhost:8080/projeto


WARNING:werkzeug: * Debugger is active!
INFO:werkzeug: * Debugger PIN: 822-405-388
INFO:logger:---- POST / register sys_user ----
DEBUG:logger:req: {'user_id': 23456, 'username': 'admin2', 'email': 'admin2@example.com', 'password': 'admin234'}
ERROR:logger:tuple index out of range
DEBUG:logger:res: {'status': 500, 'errors': 'tuple index out of range', 'results': None}
INFO:werkzeug:127.0.0.1 - - [07/Dec/2024 22:39:26] "POST /register/administrator HTTP/1.1" 200 -
INFO:logger:
---------------------------------------------------------------
API v1.0 online: http://localhost:8080/projeto


INFO:werkzeug:[31m[1mWARNING: This is a development server. Do not use it in a production deployment. Use a production WSGI server instead.[0m
 * Running on all addresses (0.0.0.0)
 * Running on http://127.0.0.1:8080
 * Running on http://192.168.0.194:8080
INFO:werkzeug:[33mPress CTRL+C to quit[0m
INFO:werkzeug: * Restarting with stat
INFO:logger:
---------------------------------------------------------------
API v1.0 online: http://localhost:8080/projeto


WARNING:werkzeug: * Debugger is active!
INFO:werkzeug: * Debugger PIN: 822-405-388
INFO:logger:---- POST / register sys_user ----
DEBUG:logger:req: {'user_id': 23456, 'username': 'admin2', 'email': 'admin2@example.com', 'password': 'admin234'}
ERROR:logger:tuple index out of range
DEBUG:logger:res: {'status': 500, 'errors': 'tuple index out of range', 'results': None}
INFO:werkzeug:127.0.0.1 - - [07/Dec/2024 22:51:45] "POST /register/administrator HTTP/1.1" 200 -
INFO:logger:
---------------------------------------------------------------
API v1.0 online: http://localhost:8080/projeto


INFO:werkzeug:[31m[1mWARNING: This is a development server. Do not use it in a production deployment. Use a production WSGI server instead.[0m
 * Running on all addresses (0.0.0.0)
 * Running on http://127.0.0.1:8080
 * Running on http://192.168.0.194:8080
INFO:werkzeug:[33mPress CTRL+C to quit[0m
INFO:werkzeug: * Restarting with stat
INFO:logger:
---------------------------------------------------------------
API v1.0 online: http://localhost:8080/projeto


WARNING:werkzeug: * Debugger is active!
INFO:werkzeug: * Debugger PIN: 822-405-388
DEBUG:logger:payload: {'airport_id': 123, 'name': 'Aeroporto', 'city': 'Lisboa', 'country': 'Portugal', 'creator': 23456}
INFO:werkzeug:127.0.0.1 - - [07/Dec/2024 23:48:16] "[35m[1mPOST /airport/ HTTP/1.1[0m" 500 -
INFO:werkzeug: * Detected change in '/Users/laura_barreto06/sgd-demo-2024-main/python/app/demo-api-sgd.py', reloading
INFO:werkzeug: * Restarting with stat
INFO:logger:
---------------------------------------------------------------
API v1.0 online: http://localhost:8080/projeto


INFO:werkzeug:[31m[1mWARNING: This is a development server. Do not use it in a production deployment. Use a production WSGI server instead.[0m
 * Running on all addresses (0.0.0.0)
 * Running on http://127.0.0.1:8080
 * Running on http://192.168.0.194:8080
INFO:werkzeug:[33mPress CTRL+C to quit[0m
INFO:werkzeug: * Restarting with stat
INFO:logger:
---------------------------------------------------------------
API v1.0 online: http://localhost:8080/projeto


WARNING:werkzeug: * Debugger is active!
INFO:werkzeug: * Debugger PIN: 822-405-388
DEBUG:logger:payload: {'airport_id': 123, 'name': 'Aeroporto', 'city': 'Lisboa', 'country': 'Portugal', 'creator': 23456}
INFO:werkzeug:127.0.0.1 - - [07/Dec/2024 23:49:34] "[35m[1mPOST /airport/ HTTP/1.1[0m" 500 -
INFO:werkzeug: * Detected change in '/Users/laura_barreto06/sgd-demo-2024-main/python/app/demo-api-sgd.py', reloading
INFO:werkzeug: * Restarting with stat
INFO:logger:
---------------------------------------------------------------
API v1.0 online: http://localhost:8080/projeto


WARNING:werkzeug: * Debugger is active!
INFO:werkzeug: * Debugger PIN: 822-405-388
DEBUG:logger:payload: {'airport_id': 123, 'name': 'Aeroporto', 'city': 'Lisboa', 'country': 'Portugal', 'creator': 23456}
INFO:werkzeug:127.0.0.1 - - [07/Dec/2024 23:50:39] "[35m[1mPOST /airport/ HTTP/1.1[0m" 500 -
INFO:werkzeug: * Detected change in '/Users/laura_barreto06/sgd-demo-2024-main/python/app/demo-api-sgd.py', reloading
INFO:werkzeug: * Restarting with stat
INFO:logger:
---------------------------------------------------------------
API v1.0 online: http://localhost:8080/projeto


INFO:werkzeug:[31m[1mWARNING: This is a development server. Do not use it in a production deployment. Use a production WSGI server instead.[0m
 * Running on all addresses (0.0.0.0)
 * Running on http://127.0.0.1:8080
 * Running on http://192.168.0.194:8080
INFO:werkzeug:[33mPress CTRL+C to quit[0m
INFO:werkzeug: * Restarting with stat
INFO:logger:
---------------------------------------------------------------
API v1.0 online: http://localhost:8080/projeto


WARNING:werkzeug: * Debugger is active!
INFO:werkzeug: * Debugger PIN: 822-405-388
DEBUG:logger:payload: {'airport_id': 123, 'name': 'Aeroporto', 'city': 'Lisboa', 'country': 'Portugal', 'creator': 23456}
ERROR:logger:'int' object does not support indexing
DEBUG:logger:res: {'status': 500, 'errors': "'int' object does not support indexing", 'results': None}
INFO:werkzeug:127.0.0.1 - - [07/Dec/2024 23:52:20] "POST /airport/ HTTP/1.1" 200 -
INFO:werkzeug: * Detected change in '/Users/laura_barreto06/sgd-demo-2024-main/python/app/demo-api-sgd.py', reloading
INFO:werkzeug: * Restarting with stat
INFO:logger:
---------------------------------------------------------------
API v1.0 online: http://localhost:8080/projeto


INFO:werkzeug:[31m[1mWARNING: This is a development server. Do not use it in a production deployment. Use a production WSGI server instead.[0m
 * Running on all addresses (0.0.0.0)
 * Running on http://127.0.0.1:8080
 * Running on http://192.168.0.194:8080
INFO:werkzeug:[33mPress CTRL+C to quit[0m
INFO:werkzeug: * Restarting with stat
INFO:logger:
---------------------------------------------------------------
API v1.0 online: http://localhost:8080/projeto


WARNING:werkzeug: * Debugger is active!
INFO:werkzeug: * Debugger PIN: 822-405-388
DEBUG:logger:payload: {'airport_id': 123, 'name': 'Aeroporto', 'city': 'Lisboa', 'country': 'Portugal', 'creator': 23456}
DEBUG:logger:payload: {'airport_id': 123, 'name': 'Aeroporto', 'city': 'Lisboa', 'country': 'Portugal', 'creator': 23456}
INFO:logger:---- New airport ----
DEBUG:logger:res: {'status': 200, 'errors': None, 'results': 123}
INFO:werkzeug:127.0.0.1 - - [07/Dec/2024 23:52:49] "POST /airport/ HTTP/1.1" 200 -
INFO:werkzeug: * Detected change in '/Users/laura_barreto06/sgd-demo-2024-main/python/app/demo-api-sgd.py', reloading
INFO:werkzeug: * Restarting with stat
INFO:logger:
---------------------------------------------------------------
API v1.0 online: http://localhost:8080/projeto


WARNING:werkzeug: * Debugger is active!
INFO:werkzeug: * Debugger PIN: 822-405-388
INFO:werkzeug: * Detected change in '/Users/laura_barreto06/sgd-demo-2024-main/python/app/demo-api-sgd.py', reloading
INFO:werkzeug: * Restarting with stat
INFO:logger:
---------------------------------------------------------------
API v1.0 online: http://localhost:8080/projeto


WARNING:werkzeug: * Debugger is active!
INFO:werkzeug: * Debugger PIN: 822-405-388
INFO:werkzeug: * Detected change in '/Users/laura_barreto06/sgd-demo-2024-main/python/app/demo-api-sgd.py', reloading
INFO:werkzeug: * Restarting with stat
INFO:logger:
---------------------------------------------------------------
API v1.0 online: http://localhost:8080/projeto


INFO:werkzeug:[31m[1mWARNING: This is a development server. Do not use it in a production deployment. Use a production WSGI server instead.[0m
 * Running on all addresses (0.0.0.0)
 * Running on http://127.0.0.1:8080
 * Running on http://192.168.0.194:8080
INFO:werkzeug:[33mPress CTRL+C to quit[0m
INFO:werkzeug: * Restarting with stat
INFO:logger:
---------------------------------------------------------------
API v1.0 online: http://localhost:8080/projeto


WARNING:werkzeug: * Debugger is active!
INFO:werkzeug: * Debugger PIN: 822-405-388
DEBUG:logger:payload: {'airport_id': 123, 'name': 'Aeroporto', 'city': 'Lisboa', 'country': 'Portugal', 'creator': 12345}
INFO:werkzeug:127.0.0.1 - - [07/Dec/2024 23:54:47] "POST /airport/ HTTP/1.1" 200 -
DEBUG:logger:payload: {'airport_id': 1234, 'name': 'Aeroporto', 'city': 'Lisboa', 'country': 'Portugal', 'creator': 546}
INFO:werkzeug:127.0.0.1 - - [07/Dec/2024 23:54:59] "POST /airport/ HTTP/1.1" 200 -
INFO:werkzeug: * Detected change in '/Users/laura_barreto06/sgd-demo-2024-main/python/app/demo-api-sgd.py', reloading
INFO:werkzeug: * Restarting with stat
INFO:logger:
---------------------------------------------------------------
API v1.0 online: http://localhost:8080/projeto


INFO:werkzeug:[31m[1mWARNING: This is a development server. Do not use it in a production deployment. Use a production WSGI server instead.[0m
 * Running on all addresses (0.0.0.0)
 * Running on http://127.0.0.1:8080
 * Running on http://192.168.0.194:8080
INFO:werkzeug:[33mPress CTRL+C to quit[0m
INFO:werkzeug: * Restarting with stat
INFO:logger:
---------------------------------------------------------------
API v1.0 online: http://localhost:8080/projeto


WARNING:werkzeug: * Debugger is active!
INFO:werkzeug: * Debugger PIN: 822-405-388
INFO:werkzeug:127.0.0.1 - - [08/Dec/2024 17:09:48] "[32mPUT /login HTTP/1.1[0m" 308 -
INFO:logger:---- PUT / login ----
DEBUG:logger:req: {'username': 'admin1', 'password': 'user'}
DEBUG:logger:res: {'status': 200, 'errors': None, 'results': 'eyJhbGciOiJIUzI1NiIsInR5cCI6IkpXVCJ9.eyJ1c2VyX2lkIjoiMSIsInJvbGUiOiJhZG1pbmlzdHJhdG9yIn0.kIqHiGPSBC1laEqWuajmhmzzcMJTyjEF18wsA_Tzr5s'}
INFO:werkzeug:127.0.0.1 - - [08/Dec/2024 17:09:49] "PUT /login/ HTTP/1.1" 200 -
INFO:logger:---- POST / register sys_user ----
DEBUG:logger:req: {'user_id': 5, 'username': 'admin2', 'email': 'admin2@example.com', 'password': 'user'}
DEBUG:logger:---- New administrator ----
DEBUG:logger:res: {'status': 200, 'errors': None, 'results': 5}
INFO:werkzeug:127.0.0.1 - - [08/Dec/2024 17:10:47] "POST /register/administrator HTTP/1.1" 200 -
DEBUG:logger:payload: {'airport_id': 8, 'name': 'XD', 'city': 'Os teus sonhos', 'country': 'Maravilhas', 'creator': 2}
ERROR:logger:There is no administrator with the given id!
INFO:werkzeug:127.0.0.1 - - [08/Dec/2024 17:12:01] "POST /airport/ HTTP/1.1" 200 -
DEBUG:logger:payload: {'airport_id': 8, 'name': 'XD', 'city': 'Os teus sonhos', 'country': 'Maravilhas', 'creator': 5}
DEBUG:logger:payload: {'airport_id': 8, 'name': 'XD', 'city': 'Os teus sonhos', 'country': 'Maravilhas', 'creator': 5}
INFO:logger:---- New airport ----
DEBUG:logger:res: {'status': 200, 'errors': None, 'results': 8}
INFO:werkzeug:127.0.0.1 - - [08/Dec/2024 17:12:20] "POST /airport/ HTTP/1.1" 200 -
INFO:werkzeug: * Detected change in '/Users/laura_barreto06/sgd-demo-2024-main/python/app/demo-api-sgd.py', reloading
INFO:werkzeug: * Restarting with stat
INFO:logger:
---------------------------------------------------------------
API v1.0 online: http://localhost:8080/projeto


WARNING:werkzeug: * Debugger is active!
INFO:werkzeug: * Debugger PIN: 822-405-388
INFO:werkzeug: * Detected change in '/Users/laura_barreto06/sgd-demo-2024-main/python/app/demo-api-sgd.py', reloading
INFO:werkzeug: * Restarting with stat
INFO:logger:
---------------------------------------------------------------
API v1.0 online: http://localhost:8080/projeto


WARNING:werkzeug: * Debugger is active!
INFO:werkzeug: * Debugger PIN: 822-405-388
INFO:werkzeug: * Detected change in '/Users/laura_barreto06/sgd-demo-2024-main/python/app/demo-api-sgd.py', reloading
INFO:werkzeug: * Restarting with stat
INFO:logger:
---------------------------------------------------------------
API v1.0 online: http://localhost:8080/projeto


WARNING:werkzeug: * Debugger is active!
INFO:werkzeug: * Debugger PIN: 822-405-388
INFO:werkzeug: * Detected change in '/Users/laura_barreto06/sgd-demo-2024-main/python/app/demo-api-sgd.py', reloading
INFO:werkzeug: * Restarting with stat
INFO:logger:
---------------------------------------------------------------
API v1.0 online: http://localhost:8080/projeto


WARNING:werkzeug: * Debugger is active!
INFO:werkzeug: * Debugger PIN: 822-405-388
INFO:werkzeug: * Detected change in '/Users/laura_barreto06/sgd-demo-2024-main/python/app/demo-api-sgd.py', reloading
INFO:werkzeug: * Restarting with stat
INFO:logger:
---------------------------------------------------------------
API v1.0 online: http://localhost:8080/projeto


WARNING:werkzeug: * Debugger is active!
INFO:werkzeug: * Debugger PIN: 822-405-388
INFO:werkzeug: * Detected change in '/Users/laura_barreto06/sgd-demo-2024-main/python/app/demo-api-sgd.py', reloading
INFO:werkzeug: * Restarting with stat
INFO:logger:
---------------------------------------------------------------
API v1.0 online: http://localhost:8080/projeto


WARNING:werkzeug: * Debugger is active!
INFO:werkzeug: * Debugger PIN: 822-405-388
INFO:werkzeug: * Detected change in '/Users/laura_barreto06/sgd-demo-2024-main/python/app/demo-api-sgd.py', reloading
INFO:werkzeug: * Restarting with stat
INFO:logger:
---------------------------------------------------------------
API v1.0 online: http://localhost:8080/projeto


WARNING:werkzeug: * Debugger is active!
INFO:werkzeug: * Debugger PIN: 822-405-388
INFO:werkzeug: * Detected change in '/Users/laura_barreto06/sgd-demo-2024-main/python/app/demo-api-sgd.py', reloading
INFO:werkzeug: * Restarting with stat
INFO:logger:
---------------------------------------------------------------
API v1.0 online: http://localhost:8080/projeto


WARNING:werkzeug: * Debugger is active!
INFO:werkzeug: * Debugger PIN: 822-405-388
INFO:werkzeug: * Detected change in '/Users/laura_barreto06/sgd-demo-2024-main/python/app/demo-api-sgd.py', reloading
INFO:werkzeug: * Restarting with stat
INFO:logger:
---------------------------------------------------------------
API v1.0 online: http://localhost:8080/projeto


WARNING:werkzeug: * Debugger is active!
INFO:werkzeug: * Debugger PIN: 822-405-388
INFO:werkzeug: * Detected change in '/Users/laura_barreto06/sgd-demo-2024-main/python/app/demo-api-sgd.py', reloading
INFO:werkzeug: * Restarting with stat
INFO:logger:
---------------------------------------------------------------
API v1.0 online: http://localhost:8080/projeto


WARNING:werkzeug: * Debugger is active!
INFO:werkzeug: * Debugger PIN: 822-405-388
INFO:werkzeug: * Detected change in '/Users/laura_barreto06/sgd-demo-2024-main/python/app/demo-api-sgd.py', reloading
INFO:werkzeug: * Restarting with stat
INFO:logger:
---------------------------------------------------------------
API v1.0 online: http://localhost:8080/projeto


WARNING:werkzeug: * Debugger is active!
INFO:werkzeug: * Debugger PIN: 822-405-388
INFO:werkzeug: * Detected change in '/Users/laura_barreto06/sgd-demo-2024-main/python/app/demo-api-sgd.py', reloading
INFO:werkzeug: * Restarting with stat
INFO:logger:
---------------------------------------------------------------
API v1.0 online: http://localhost:8080/projeto


WARNING:werkzeug: * Debugger is active!
INFO:werkzeug: * Debugger PIN: 822-405-388
INFO:werkzeug: * Detected change in '/Users/laura_barreto06/sgd-demo-2024-main/python/app/demo-api-sgd.py', reloading
INFO:werkzeug: * Restarting with stat
INFO:logger:
---------------------------------------------------------------
API v1.0 online: http://localhost:8080/projeto


WARNING:werkzeug: * Debugger is active!
INFO:werkzeug: * Debugger PIN: 822-405-388
INFO:werkzeug: * Detected change in '/Users/laura_barreto06/sgd-demo-2024-main/python/app/demo-api-sgd.py', reloading
INFO:werkzeug: * Restarting with stat
INFO:logger:
---------------------------------------------------------------
API v1.0 online: http://localhost:8080/projeto


WARNING:werkzeug: * Debugger is active!
INFO:werkzeug: * Debugger PIN: 822-405-388
INFO:werkzeug: * Detected change in '/Users/laura_barreto06/sgd-demo-2024-main/python/app/demo-api-sgd.py', reloading
INFO:werkzeug: * Restarting with stat
INFO:logger:
---------------------------------------------------------------
API v1.0 online: http://localhost:8080/projeto


WARNING:werkzeug: * Debugger is active!
INFO:werkzeug: * Debugger PIN: 822-405-388
INFO:werkzeug: * Detected change in '/Users/laura_barreto06/sgd-demo-2024-main/python/app/demo-api-sgd.py', reloading
INFO:werkzeug: * Restarting with stat
INFO:logger:
---------------------------------------------------------------
API v1.0 online: http://localhost:8080/projeto


WARNING:werkzeug: * Debugger is active!
INFO:werkzeug: * Debugger PIN: 822-405-388
INFO:werkzeug: * Detected change in '/Users/laura_barreto06/sgd-demo-2024-main/python/app/demo-api-sgd.py', reloading
INFO:werkzeug: * Restarting with stat
INFO:logger:
---------------------------------------------------------------
API v1.0 online: http://localhost:8080/projeto


WARNING:werkzeug: * Debugger is active!
INFO:werkzeug: * Debugger PIN: 822-405-388
INFO:werkzeug: * Detected change in '/Users/laura_barreto06/sgd-demo-2024-main/python/app/demo-api-sgd.py', reloading
INFO:werkzeug: * Restarting with stat
INFO:logger:
---------------------------------------------------------------
API v1.0 online: http://localhost:8080/projeto


WARNING:werkzeug: * Debugger is active!
INFO:werkzeug: * Debugger PIN: 822-405-388
INFO:werkzeug: * Detected change in '/Users/laura_barreto06/sgd-demo-2024-main/python/app/demo-api-sgd.py', reloading
INFO:werkzeug: * Restarting with stat
INFO:logger:
---------------------------------------------------------------
API v1.0 online: http://localhost:8080/projeto


WARNING:werkzeug: * Debugger is active!
INFO:werkzeug: * Debugger PIN: 822-405-388
INFO:werkzeug: * Detected change in '/Users/laura_barreto06/sgd-demo-2024-main/python/app/demo-api-sgd.py', reloading
INFO:werkzeug: * Restarting with stat
INFO:logger:
---------------------------------------------------------------
API v1.0 online: http://localhost:8080/projeto


WARNING:werkzeug: * Debugger is active!
INFO:werkzeug: * Debugger PIN: 822-405-388
INFO:werkzeug: * Detected change in '/Users/laura_barreto06/sgd-demo-2024-main/python/app/demo-api-sgd.py', reloading
INFO:werkzeug: * Restarting with stat
INFO:logger:
---------------------------------------------------------------
API v1.0 online: http://localhost:8080/projeto


WARNING:werkzeug: * Debugger is active!
INFO:werkzeug: * Debugger PIN: 822-405-388
INFO:werkzeug: * Detected change in '/Users/laura_barreto06/sgd-demo-2024-main/python/app/demo-api-sgd.py', reloading
INFO:werkzeug: * Restarting with stat
INFO:logger:
---------------------------------------------------------------
API v1.0 online: http://localhost:8080/projeto


INFO:werkzeug:[31m[1mWARNING: This is a development server. Do not use it in a production deployment. Use a production WSGI server instead.[0m
 * Running on all addresses (0.0.0.0)
 * Running on http://127.0.0.1:8080
 * Running on http://192.168.0.194:8080
INFO:werkzeug:[33mPress CTRL+C to quit[0m
INFO:werkzeug: * Restarting with stat
INFO:logger:
---------------------------------------------------------------
API v1.0 online: http://localhost:8080/projeto


WARNING:werkzeug: * Debugger is active!
INFO:werkzeug: * Debugger PIN: 822-405-388
INFO:logger:---- POST / flight ----
DEBUG:logger:req: {'seats_num': 56, 'flight_id': 11, 'origin': 1, 'destiny': 7}
INFO:werkzeug:127.0.0.1 - - [08/Dec/2024 18:04:21] "[35m[1mPOST /flight/ HTTP/1.1[0m" 500 -
INFO:werkzeug: * Detected change in '/Users/laura_barreto06/sgd-demo-2024-main/python/app/demo-api-sgd.py', reloading
INFO:werkzeug: * Restarting with stat
INFO:logger:
---------------------------------------------------------------
API v1.0 online: http://localhost:8080/projeto


WARNING:werkzeug: * Debugger is active!
INFO:werkzeug: * Debugger PIN: 822-405-388
INFO:werkzeug: * Detected change in '/Users/laura_barreto06/sgd-demo-2024-main/python/app/demo-api-sgd.py', reloading
INFO:werkzeug: * Restarting with stat
INFO:logger:
---------------------------------------------------------------
API v1.0 online: http://localhost:8080/projeto


WARNING:werkzeug: * Debugger is active!
INFO:werkzeug: * Debugger PIN: 822-405-388
INFO:werkzeug: * Detected change in '/Users/laura_barreto06/sgd-demo-2024-main/python/app/demo-api-sgd.py', reloading
INFO:werkzeug: * Restarting with stat
INFO:logger:
---------------------------------------------------------------
API v1.0 online: http://localhost:8080/projeto


WARNING:werkzeug: * Debugger is active!
INFO:werkzeug: * Debugger PIN: 822-405-388
INFO:logger:---- POST / flight ----
DEBUG:logger:req: {'seats_num': 56, 'flight_id': 11, 'origin': 1, 'destiny': 7}
ERROR:logger:error: column "airport_airport_id" specified more than once
CONTEXT:  PL/pgSQL function add_flight(integer,integer,integer,integer,integer) line 9 at RAISE

DEBUG:logger:res: {'status': 500, 'errors': 'error: column "airport_airport_id" specified more than once\nCONTEXT:  PL/pgSQL function add_flight(integer,integer,integer,integer,integer) line 9 at RAISE\n', 'results': None}
INFO:werkzeug:127.0.0.1 - - [08/Dec/2024 18:05:30] "POST /flight/ HTTP/1.1" 200 -
INFO:logger:
---------------------------------------------------------------
API v1.0 online: http://localhost:8080/projeto


INFO:werkzeug:[31m[1mWARNING: This is a development server. Do not use it in a production deployment. Use a production WSGI server instead.[0m
 * Running on all addresses (0.0.0.0)
 * Running on http://127.0.0.1:8080
 * Running on http://192.168.0.194:8080
INFO:werkzeug:[33mPress CTRL+C to quit[0m
INFO:werkzeug: * Restarting with stat
INFO:logger:
---------------------------------------------------------------
API v1.0 online: http://localhost:8080/projeto


WARNING:werkzeug: * Debugger is active!
INFO:werkzeug: * Debugger PIN: 822-405-388
INFO:logger:---- POST / flight ----
DEBUG:logger:req: {'seats_num': 56, 'flight_id': 11, 'origin': 1, 'destiny': 7}
ERROR:logger:error: column "origin_id" does not exist
CONTEXT:  PL/pgSQL function add_flight(integer,integer,integer,integer,integer) line 9 at RAISE

DEBUG:logger:res: {'status': 500, 'errors': 'error: column "origin_id" does not exist\nCONTEXT:  PL/pgSQL function add_flight(integer,integer,integer,integer,integer) line 9 at RAISE\n', 'results': None}
INFO:werkzeug:127.0.0.1 - - [08/Dec/2024 18:09:13] "POST /flight/ HTTP/1.1" 200 -
INFO:logger:
---------------------------------------------------------------
API v1.0 online: http://localhost:8080/projeto


INFO:werkzeug:[31m[1mWARNING: This is a development server. Do not use it in a production deployment. Use a production WSGI server instead.[0m
 * Running on all addresses (0.0.0.0)
 * Running on http://127.0.0.1:8080
 * Running on http://192.168.0.194:8080
INFO:werkzeug:[33mPress CTRL+C to quit[0m
INFO:werkzeug: * Restarting with stat
INFO:logger:
---------------------------------------------------------------
API v1.0 online: http://localhost:8080/projeto


WARNING:werkzeug: * Debugger is active!
INFO:werkzeug: * Debugger PIN: 822-405-388
INFO:logger:---- POST / flight ----
DEBUG:logger:req: {'seats_num': 56, 'flight_id': 11, 'origin': 1, 'destiny': 7}
INFO:logger:---- New flight ----
DEBUG:logger:res: {'status': 200, 'errors': None, 'results': 11}
INFO:werkzeug:127.0.0.1 - - [08/Dec/2024 18:10:32] "POST /flight/ HTTP/1.1" 200 -
INFO:logger:---- POST / flight ----
DEBUG:logger:req: {'seats_num': 56, 'flight_id': 11, 'origin': 1, 'destiny': 7}
INFO:logger:---- New flight ----
DEBUG:logger:res: {'status': 200, 'errors': None, 'results': 11}
INFO:werkzeug:127.0.0.1 - - [08/Dec/2024 18:13:47] "POST /flight/ HTTP/1.1" 200 -
INFO:logger:---- POST / flight ----
DEBUG:logger:req: {'seats_num': 56, 'flight_id': 11, 'origin': 1, 'destiny': 7}
INFO:logger:---- New flight ----
DEBUG:logger:res: {'status': 200, 'errors': None, 'results': 11}
INFO:werkzeug:127.0.0.1 - - [08/Dec/2024 18:13:59] "POST /flight/ HTTP/1.1" 200 -
INFO:logger:---- POST / flight ----
DEBUG:logger:req: {'seats_num': 56, 'flight_id': 11, 'origin': 1, 'destiny': 7}
INFO:logger:---- New flight ----
DEBUG:logger:res: {'status': 200, 'errors': None, 'results': 11}
INFO:werkzeug:127.0.0.1 - - [08/Dec/2024 18:14:00] "POST /flight/ HTTP/1.1" 200 -
INFO:logger:
---------------------------------------------------------------
API v1.0 online: http://localhost:8080/projeto


INFO:werkzeug:[31m[1mWARNING: This is a development server. Do not use it in a production deployment. Use a production WSGI server instead.[0m
 * Running on all addresses (0.0.0.0)
 * Running on http://127.0.0.1:8080
 * Running on http://192.168.0.194:8080
INFO:werkzeug:[33mPress CTRL+C to quit[0m
INFO:werkzeug: * Restarting with stat
INFO:logger:
---------------------------------------------------------------
API v1.0 online: http://localhost:8080/projeto


WARNING:werkzeug: * Debugger is active!
INFO:werkzeug: * Debugger PIN: 822-405-388
INFO:logger:---- POST / flight ----
DEBUG:logger:req: {'seats_num': 56, 'flight_id': 11, 'origin': 1, 'destiny': 7}
INFO:logger:---- New flight ----
DEBUG:logger:res: {'status': 200, 'errors': None, 'results': 11}
INFO:werkzeug:127.0.0.1 - - [08/Dec/2024 18:16:32] "POST /flight/ HTTP/1.1" 200 -
INFO:werkzeug: * Detected change in '/Users/laura_barreto06/sgd-demo-2024-main/python/app/demo-api-sgd.py', reloading
INFO:werkzeug: * Restarting with stat
INFO:logger:
---------------------------------------------------------------
API v1.0 online: http://localhost:8080/projeto


WARNING:werkzeug: * Debugger is active!
INFO:werkzeug: * Debugger PIN: 822-405-388
INFO:logger:
---------------------------------------------------------------
API v1.0 online: http://localhost:8080/projeto


INFO:werkzeug:[31m[1mWARNING: This is a development server. Do not use it in a production deployment. Use a production WSGI server instead.[0m
 * Running on all addresses (0.0.0.0)
 * Running on http://127.0.0.1:8080
 * Running on http://192.168.0.194:8080
INFO:werkzeug:[33mPress CTRL+C to quit[0m
INFO:werkzeug: * Restarting with stat
INFO:logger:
---------------------------------------------------------------
API v1.0 online: http://localhost:8080/projeto


WARNING:werkzeug: * Debugger is active!
INFO:werkzeug: * Debugger PIN: 822-405-388
INFO:logger:---- POST / flight ----
DEBUG:logger:req: {'seats_num': 56, 'flight_id': 11, 'origin': 1, 'destiny': 7}
INFO:logger:---- New flight ----
DEBUG:logger:res: {'status': 200, 'errors': None, 'results': 11}
INFO:werkzeug:127.0.0.1 - - [08/Dec/2024 18:18:43] "POST /flight/ HTTP/1.1" 200 -
INFO:logger:---- POST / flight ----
DEBUG:logger:req: {'seats_num': 56, 'flight_id': 11, 'origin': 1, 'destiny': 7}
INFO:logger:---- New flight ----
DEBUG:logger:res: {'status': 200, 'errors': None, 'results': 11}
INFO:werkzeug:127.0.0.1 - - [08/Dec/2024 18:19:57] "POST /flight/ HTTP/1.1" 200 -
INFO:logger:---- POST / flight ----
DEBUG:logger:req: {'seats_num': 56, 'flight_id': 11, 'origin': 1, 'destiny': 7}
INFO:logger:---- New flight ----
DEBUG:logger:res: {'status': 200, 'errors': None, 'results': 11}
INFO:werkzeug:127.0.0.1 - - [08/Dec/2024 18:19:58] "POST /flight/ HTTP/1.1" 200 -
INFO:logger:---- POST / flight ----
DEBUG:logger:req: {'seats_num': 56, 'flight_id': 11, 'origin': 1, 'destiny': 7}
INFO:logger:---- New flight ----
DEBUG:logger:res: {'status': 200, 'errors': None, 'results': 11}
INFO:werkzeug:127.0.0.1 - - [08/Dec/2024 18:19:58] "POST /flight/ HTTP/1.1" 200 -
INFO:logger:---- POST / flight ----
DEBUG:logger:req: {'seats_num': 56, 'flight_id': 11, 'origin': 1, 'destiny': 7}
INFO:logger:---- New flight ----
DEBUG:logger:res: {'status': 200, 'errors': None, 'results': 11}
INFO:werkzeug:127.0.0.1 - - [08/Dec/2024 18:19:59] "POST /flight/ HTTP/1.1" 200 -
INFO:werkzeug: * Detected change in '/Users/laura_barreto06/sgd-demo-2024-main/python/app/demo-api-sgd.py', reloading
INFO:werkzeug: * Restarting with stat
INFO:logger:
---------------------------------------------------------------
API v1.0 online: http://localhost:8080/projeto


WARNING:werkzeug: * Debugger is active!
INFO:werkzeug: * Debugger PIN: 822-405-388
INFO:werkzeug: * Detected change in '/Users/laura_barreto06/sgd-demo-2024-main/python/app/demo-api-sgd.py', reloading
INFO:werkzeug: * Restarting with stat
INFO:logger:
---------------------------------------------------------------
API v1.0 online: http://localhost:8080/projeto


INFO:werkzeug:[31m[1mWARNING: This is a development server. Do not use it in a production deployment. Use a production WSGI server instead.[0m
 * Running on all addresses (0.0.0.0)
 * Running on http://127.0.0.1:8080
 * Running on http://192.168.0.194:8080
INFO:werkzeug:[33mPress CTRL+C to quit[0m
INFO:werkzeug: * Restarting with stat
INFO:logger:
---------------------------------------------------------------
API v1.0 online: http://localhost:8080/projeto


WARNING:werkzeug: * Debugger is active!
INFO:werkzeug: * Debugger PIN: 822-405-388
INFO:logger:---- POST / flight ----
DEBUG:logger:req: {'seats_num': 56, 'flight_id': 11, 'origin': 1, 'destiny': 7}
ERROR:logger:That flight id already exists!!
CONTEXT:  PL/pgSQL function add_flight(integer,integer,integer,integer,integer) line 7 at RAISE

DEBUG:logger:res: {'status': 500, 'errors': 'That flight id already exists!!\nCONTEXT:  PL/pgSQL function add_flight(integer,integer,integer,integer,integer) line 7 at RAISE\n', 'results': None}
INFO:werkzeug:127.0.0.1 - - [08/Dec/2024 18:29:51] "POST /flight/ HTTP/1.1" 200 -
INFO:logger:---- POST / flight ----
DEBUG:logger:req: {'seats_num': 56, 'flight_id': 12, 'origin': 1, 'destiny': 1}
ERROR:logger:Unable to create flight with same origin and destiny!
INFO:werkzeug:127.0.0.1 - - [08/Dec/2024 18:29:59] "POST /flight/ HTTP/1.1" 200 -
INFO:logger:---- POST / flight ----
DEBUG:logger:req: {'flight_id': 12, 'origin': 1, 'destiny': 7}
ERROR:logger:Incomplete payload!
INFO:werkzeug:127.0.0.1 - - [08/Dec/2024 18:30:25] "POST /flight/ HTTP/1.1" 200 -
INFO:logger:---- POST / flight ----
DEBUG:logger:req: {'seats_num': 56, 'flight_id': 12, 'origin': 1, 'destiny': 7}
INFO:logger:---- New flight ----
DEBUG:logger:res: {'status': 200, 'errors': None, 'results': 12}
INFO:werkzeug:127.0.0.1 - - [08/Dec/2024 18:30:36] "POST /flight/ HTTP/1.1" 200 -
INFO:logger:---- POST / flight ----
DEBUG:logger:req: {'seats_num': 56, 'flight_id': 12, 'origin': 1, 'destiny': 7}
ERROR:logger:That flight id already exists!!
CONTEXT:  PL/pgSQL function add_flight(integer,integer,integer,integer,integer) line 7 at RAISE

DEBUG:logger:res: {'status': 500, 'errors': 'That flight id already exists!!\nCONTEXT:  PL/pgSQL function add_flight(integer,integer,integer,integer,integer) line 7 at RAISE\n', 'results': None}
INFO:werkzeug:127.0.0.1 - - [08/Dec/2024 18:30:38] "POST /flight/ HTTP/1.1" 200 -
INFO:werkzeug:127.0.0.1 - - [08/Dec/2024 18:31:08] "[32mPOST /schedule HTTP/1.1[0m" 308 -
INFO:logger:---- POST / schedule----
DEBUG:logger:req: {'date_time': '2024-10-06', 'flight_id': 12}
INFO:werkzeug:127.0.0.1 - - [08/Dec/2024 18:31:08] "[35m[1mPOST /schedule/ HTTP/1.1[0m" 500 -
INFO:werkzeug: * Detected change in '/Users/laura_barreto06/sgd-demo-2024-main/python/app/demo-api-sgd.py', reloading
INFO:werkzeug: * Restarting with stat
INFO:logger:
---------------------------------------------------------------
API v1.0 online: http://localhost:8080/projeto


WARNING:werkzeug: * Debugger is active!
INFO:werkzeug: * Debugger PIN: 822-405-388
INFO:werkzeug: * Detected change in '/Users/laura_barreto06/sgd-demo-2024-main/python/app/demo-api-sgd.py', reloading
INFO:werkzeug: * Restarting with stat
INFO:logger:
---------------------------------------------------------------
API v1.0 online: http://localhost:8080/projeto


WARNING:werkzeug: * Debugger is active!
INFO:werkzeug: * Debugger PIN: 822-405-388
INFO:logger:
---------------------------------------------------------------
API v1.0 online: http://localhost:8080/projeto


INFO:werkzeug:[31m[1mWARNING: This is a development server. Do not use it in a production deployment. Use a production WSGI server instead.[0m
 * Running on all addresses (0.0.0.0)
 * Running on http://127.0.0.1:8080
 * Running on http://192.168.0.194:8080
INFO:werkzeug:[33mPress CTRL+C to quit[0m
INFO:werkzeug: * Restarting with stat
INFO:logger:
---------------------------------------------------------------
API v1.0 online: http://localhost:8080/projeto


WARNING:werkzeug: * Debugger is active!
INFO:werkzeug: * Debugger PIN: 822-405-388
INFO:werkzeug:127.0.0.1 - - [08/Dec/2024 18:36:34] "[32mPOST /schedule HTTP/1.1[0m" 308 -
INFO:logger:---- POST / schedule----
DEBUG:logger:req: {'date_time': '2024-10-06', 'flight_id': 12}
INFO:werkzeug:127.0.0.1 - - [08/Dec/2024 18:36:34] "[35m[1mPOST /schedule/ HTTP/1.1[0m" 500 -
INFO:werkzeug: * Detected change in '/Users/laura_barreto06/sgd-demo-2024-main/python/app/demo-api-sgd.py', reloading
INFO:werkzeug: * Restarting with stat
INFO:logger:
---------------------------------------------------------------
API v1.0 online: http://localhost:8080/projeto


INFO:werkzeug:[31m[1mWARNING: This is a development server. Do not use it in a production deployment. Use a production WSGI server instead.[0m
 * Running on all addresses (0.0.0.0)
 * Running on http://127.0.0.1:8080
 * Running on http://192.168.0.194:8080
INFO:werkzeug:[33mPress CTRL+C to quit[0m
INFO:werkzeug: * Restarting with stat
INFO:logger:
---------------------------------------------------------------
API v1.0 online: http://localhost:8080/projeto


WARNING:werkzeug: * Debugger is active!
INFO:werkzeug: * Debugger PIN: 822-405-388
INFO:werkzeug:127.0.0.1 - - [08/Dec/2024 18:37:43] "[32mPOST /schedule HTTP/1.1[0m" 308 -
INFO:logger:---- POST / schedule----
DEBUG:logger:req: {'date_time': '2024-10-06', 'flight_id': 12}
INFO:werkzeug:127.0.0.1 - - [08/Dec/2024 18:37:44] "[35m[1mPOST /schedule/ HTTP/1.1[0m" 500 -
INFO:logger:
---------------------------------------------------------------
API v1.0 online: http://localhost:8080/projeto


INFO:werkzeug:[31m[1mWARNING: This is a development server. Do not use it in a production deployment. Use a production WSGI server instead.[0m
 * Running on all addresses (0.0.0.0)
 * Running on http://127.0.0.1:8080
 * Running on http://192.168.0.194:8080
INFO:werkzeug:[33mPress CTRL+C to quit[0m
INFO:werkzeug: * Restarting with stat
INFO:logger:
---------------------------------------------------------------
API v1.0 online: http://localhost:8080/projeto


WARNING:werkzeug: * Debugger is active!
INFO:werkzeug: * Debugger PIN: 822-405-388
INFO:werkzeug:127.0.0.1 - - [08/Dec/2024 18:42:32] "[32mPOST /schedule HTTP/1.1[0m" 308 -
INFO:logger:---- POST / schedule----
DEBUG:logger:req: {'date_time': '2024-10-06', 'flight_id': 12}
ERROR:logger:type "datetime" does not exist
LINE 1: CALL add_schedule ('2024-10-06'::datetime, '1'::int, 12::int...
                                         ^

ERROR:logger:'seats_num'
DEBUG:logger:res: {'status': 500, 'errors': "'seats_num'", 'results': None}
INFO:werkzeug:127.0.0.1 - - [08/Dec/2024 18:42:32] "POST /schedule/ HTTP/1.1" 200 -
INFO:werkzeug: * Detected change in '/Users/laura_barreto06/sgd-demo-2024-main/python/app/demo-api-sgd.py', reloading
INFO:werkzeug: * Restarting with stat
INFO:logger:
---------------------------------------------------------------
API v1.0 online: http://localhost:8080/projeto


INFO:werkzeug:[31m[1mWARNING: This is a development server. Do not use it in a production deployment. Use a production WSGI server instead.[0m
 * Running on all addresses (0.0.0.0)
 * Running on http://127.0.0.1:8080
 * Running on http://192.168.0.194:8080
INFO:werkzeug:[33mPress CTRL+C to quit[0m
INFO:werkzeug: * Restarting with stat
INFO:logger:
---------------------------------------------------------------
API v1.0 online: http://localhost:8080/projeto


WARNING:werkzeug: * Debugger is active!
INFO:werkzeug: * Debugger PIN: 822-405-388
INFO:logger:
---------------------------------------------------------------
API v1.0 online: http://localhost:8080/projeto


INFO:werkzeug:[31m[1mWARNING: This is a development server. Do not use it in a production deployment. Use a production WSGI server instead.[0m
 * Running on all addresses (0.0.0.0)
 * Running on http://127.0.0.1:8080
 * Running on http://192.168.0.194:8080
INFO:werkzeug:[33mPress CTRL+C to quit[0m
INFO:werkzeug: * Restarting with stat
INFO:logger:
---------------------------------------------------------------
API v1.0 online: http://localhost:8080/projeto


WARNING:werkzeug: * Debugger is active!
INFO:werkzeug: * Debugger PIN: 822-405-388
INFO:werkzeug:127.0.0.1 - - [08/Dec/2024 18:52:31] "[32mPOST /schedule HTTP/1.1[0m" 308 -
INFO:logger:---- POST / schedule----
DEBUG:logger:req: {'date_time': '2024-10-06', 'flight_id': 12}
ERROR:logger:type "datetime" does not exist
LINE 1: CALL add_schedule ('2024-10-06'::datetime, '1'::int, 12::int...
                                         ^

ERROR:logger:current transaction is aborted, commands ignored until end of transaction block

DEBUG:logger:res: {'status': 500, 'errors': 'current transaction is aborted, commands ignored until end of transaction block\n', 'results': None}
INFO:werkzeug:127.0.0.1 - - [08/Dec/2024 18:52:31] "POST /schedule/ HTTP/1.1" 200 -
INFO:werkzeug: * Detected change in '/Users/laura_barreto06/sgd-demo-2024-main/python/app/demo-api-sgd.py', reloading
INFO:werkzeug: * Restarting with stat
INFO:logger:
---------------------------------------------------------------
API v1.0 online: http://localhost:8080/projeto


WARNING:werkzeug: * Debugger is active!
INFO:werkzeug: * Debugger PIN: 822-405-388
INFO:werkzeug: * Detected change in '/Users/laura_barreto06/sgd-demo-2024-main/python/app/demo-api-sgd.py', reloading
INFO:werkzeug: * Restarting with stat
INFO:logger:
---------------------------------------------------------------
API v1.0 online: http://localhost:8080/projeto


WARNING:werkzeug: * Debugger is active!
INFO:werkzeug: * Debugger PIN: 822-405-388
INFO:werkzeug: * Detected change in '/Users/laura_barreto06/sgd-demo-2024-main/python/app/demo-api-sgd.py', reloading
INFO:werkzeug: * Restarting with stat
INFO:logger:
---------------------------------------------------------------
API v1.0 online: http://localhost:8080/projeto


WARNING:werkzeug: * Debugger is active!
INFO:werkzeug: * Debugger PIN: 822-405-388
INFO:logger:
---------------------------------------------------------------
API v1.0 online: http://localhost:8080/projeto


INFO:werkzeug:[31m[1mWARNING: This is a development server. Do not use it in a production deployment. Use a production WSGI server instead.[0m
 * Running on all addresses (0.0.0.0)
 * Running on http://127.0.0.1:8080
 * Running on http://192.168.0.194:8080
INFO:werkzeug:[33mPress CTRL+C to quit[0m
INFO:werkzeug: * Restarting with stat
INFO:logger:
---------------------------------------------------------------
API v1.0 online: http://localhost:8080/projeto


WARNING:werkzeug: * Debugger is active!
INFO:werkzeug: * Debugger PIN: 822-405-388
INFO:werkzeug:127.0.0.1 - - [08/Dec/2024 18:55:11] "[32mPOST /schedule HTTP/1.1[0m" 308 -
INFO:logger:---- POST / schedule----
DEBUG:logger:req: {'date_time': '2024-10-06', 'flight_id': 12}
ERROR:logger:type "datetime" does not exist
LINE 1: CALL add_schedule ('2024-10-06'::datetime, '1'::int, 12::int...
                                         ^

ERROR:logger:current transaction is aborted, commands ignored until end of transaction block

DEBUG:logger:res: {'status': 500, 'errors': 'current transaction is aborted, commands ignored until end of transaction block\n', 'results': None}
INFO:werkzeug:127.0.0.1 - - [08/Dec/2024 18:55:11] "POST /schedule/ HTTP/1.1" 200 -
INFO:werkzeug: * Detected change in '/Users/laura_barreto06/sgd-demo-2024-main/python/app/demo-api-sgd.py', reloading
INFO:werkzeug: * Restarting with stat
INFO:logger:
---------------------------------------------------------------
API v1.0 online: http://localhost:8080/projeto


WARNING:werkzeug: * Debugger is active!
INFO:werkzeug: * Debugger PIN: 822-405-388
INFO:werkzeug: * Detected change in '/Users/laura_barreto06/sgd-demo-2024-main/python/app/demo-api-sgd.py', reloading
INFO:werkzeug: * Restarting with stat
INFO:logger:
---------------------------------------------------------------
API v1.0 online: http://localhost:8080/projeto


WARNING:werkzeug: * Debugger is active!
INFO:werkzeug: * Debugger PIN: 822-405-388
INFO:werkzeug: * Detected change in '/Users/laura_barreto06/sgd-demo-2024-main/python/app/demo-api-sgd.py', reloading
INFO:werkzeug: * Restarting with stat
INFO:logger:
---------------------------------------------------------------
API v1.0 online: http://localhost:8080/projeto


WARNING:werkzeug: * Debugger is active!
INFO:werkzeug: * Debugger PIN: 822-405-388
INFO:werkzeug: * Detected change in '/Users/laura_barreto06/sgd-demo-2024-main/python/app/demo-api-sgd.py', reloading
INFO:werkzeug: * Restarting with stat
INFO:logger:
---------------------------------------------------------------
API v1.0 online: http://localhost:8080/projeto


WARNING:werkzeug: * Debugger is active!
INFO:werkzeug: * Debugger PIN: 822-405-388
INFO:logger:
---------------------------------------------------------------
API v1.0 online: http://localhost:8080/projeto


INFO:werkzeug:[31m[1mWARNING: This is a development server. Do not use it in a production deployment. Use a production WSGI server instead.[0m
 * Running on all addresses (0.0.0.0)
 * Running on http://127.0.0.1:8080
 * Running on http://192.168.0.194:8080
INFO:werkzeug:[33mPress CTRL+C to quit[0m
INFO:werkzeug: * Restarting with stat
INFO:logger:
---------------------------------------------------------------
API v1.0 online: http://localhost:8080/projeto


WARNING:werkzeug: * Debugger is active!
INFO:werkzeug: * Debugger PIN: 822-405-388
INFO:werkzeug:127.0.0.1 - - [08/Dec/2024 18:56:35] "[32mPOST /schedule HTTP/1.1[0m" 308 -
INFO:logger:---- POST / schedule----
DEBUG:logger:req: {'date_time': '2024-10-06', 'flight_id': 12}
ERROR:logger:type "datetime" does not exist
LINE 1: CALL add_schedule ('2024-10-06'::datetime, '1'::int, 12::int...
                                         ^

ERROR:logger:current transaction is aborted, commands ignored until end of transaction block

DEBUG:logger:res: {'status': 500, 'errors': 'current transaction is aborted, commands ignored until end of transaction block\n', 'results': None}
INFO:werkzeug:127.0.0.1 - - [08/Dec/2024 18:56:35] "POST /schedule/ HTTP/1.1" 200 -
INFO:werkzeug: * Detected change in '/Users/laura_barreto06/sgd-demo-2024-main/python/app/demo-api-sgd.py', reloading
INFO:werkzeug: * Restarting with stat
INFO:logger:
---------------------------------------------------------------
API v1.0 online: http://localhost:8080/projeto


INFO:werkzeug:[31m[1mWARNING: This is a development server. Do not use it in a production deployment. Use a production WSGI server instead.[0m
 * Running on all addresses (0.0.0.0)
 * Running on http://127.0.0.1:8080
 * Running on http://192.168.0.194:8080
INFO:werkzeug:[33mPress CTRL+C to quit[0m
INFO:werkzeug: * Restarting with stat
INFO:logger:
---------------------------------------------------------------
API v1.0 online: http://localhost:8080/projeto


WARNING:werkzeug: * Debugger is active!
INFO:werkzeug: * Debugger PIN: 822-405-388
INFO:logger:
---------------------------------------------------------------
API v1.0 online: http://localhost:8080/projeto


INFO:werkzeug:[31m[1mWARNING: This is a development server. Do not use it in a production deployment. Use a production WSGI server instead.[0m
 * Running on all addresses (0.0.0.0)
 * Running on http://127.0.0.1:8080
 * Running on http://192.168.0.194:8080
INFO:werkzeug:[33mPress CTRL+C to quit[0m
INFO:werkzeug: * Restarting with stat
INFO:logger:
---------------------------------------------------------------
API v1.0 online: http://localhost:8080/projeto


WARNING:werkzeug: * Debugger is active!
INFO:werkzeug: * Debugger PIN: 822-405-388
INFO:werkzeug:127.0.0.1 - - [08/Dec/2024 18:58:49] "[32mPOST /schedule HTTP/1.1[0m" 308 -
INFO:logger:---- POST / schedule----
DEBUG:logger:req: {'date_time': '2024-10-06', 'flight_id': 12}
ERROR:logger:type "datetime" does not exist
LINE 1: CALL add_schedule ('2024-10-06'::datetime, '1'::int, 12::int...
                                         ^

ERROR:logger:current transaction is aborted, commands ignored until end of transaction block

DEBUG:logger:res: {'status': 500, 'errors': 'current transaction is aborted, commands ignored until end of transaction block\n', 'results': None}
INFO:werkzeug:127.0.0.1 - - [08/Dec/2024 18:58:49] "POST /schedule/ HTTP/1.1" 200 -
INFO:werkzeug: * Detected change in '/Users/laura_barreto06/sgd-demo-2024-main/python/app/demo-api-sgd.py', reloading
INFO:werkzeug: * Restarting with stat
INFO:logger:
---------------------------------------------------------------
API v1.0 online: http://localhost:8080/projeto


WARNING:werkzeug: * Debugger is active!
INFO:werkzeug: * Debugger PIN: 822-405-388
INFO:werkzeug: * Detected change in '/Users/laura_barreto06/sgd-demo-2024-main/python/app/demo-api-sgd.py', reloading
INFO:werkzeug: * Restarting with stat
INFO:logger:
---------------------------------------------------------------
API v1.0 online: http://localhost:8080/projeto


WARNING:werkzeug: * Debugger is active!
INFO:werkzeug: * Debugger PIN: 822-405-388
INFO:logger:
---------------------------------------------------------------
API v1.0 online: http://localhost:8080/projeto


INFO:werkzeug:[31m[1mWARNING: This is a development server. Do not use it in a production deployment. Use a production WSGI server instead.[0m
 * Running on all addresses (0.0.0.0)
 * Running on http://127.0.0.1:8080
 * Running on http://192.168.0.194:8080
INFO:werkzeug:[33mPress CTRL+C to quit[0m
INFO:werkzeug: * Restarting with stat
INFO:logger:
---------------------------------------------------------------
API v1.0 online: http://localhost:8080/projeto


WARNING:werkzeug: * Debugger is active!
INFO:werkzeug: * Debugger PIN: 822-405-388
INFO:werkzeug:127.0.0.1 - - [08/Dec/2024 19:00:03] "[32mPOST /schedule HTTP/1.1[0m" 308 -
INFO:logger:---- POST / schedule----
DEBUG:logger:req: {'date_time': '2024-10-06', 'flight_id': 12}
ERROR:logger:type "datetime" does not exist
LINE 1: CALL add_schedule ('2024-10-06'::datetime, '1'::int, 12::int...
                                         ^

ERROR:logger:current transaction is aborted, commands ignored until end of transaction block

DEBUG:logger:res: {'status': 500, 'errors': 'current transaction is aborted, commands ignored until end of transaction block\n', 'results': None}
INFO:werkzeug:127.0.0.1 - - [08/Dec/2024 19:00:03] "POST /schedule/ HTTP/1.1" 200 -
INFO:werkzeug: * Detected change in '/Users/laura_barreto06/sgd-demo-2024-main/python/app/demo-api-sgd.py', reloading
INFO:werkzeug: * Restarting with stat
INFO:logger:
---------------------------------------------------------------
API v1.0 online: http://localhost:8080/projeto


WARNING:werkzeug: * Debugger is active!
INFO:werkzeug: * Debugger PIN: 822-405-388
INFO:werkzeug: * Detected change in '/Users/laura_barreto06/sgd-demo-2024-main/python/app/demo-api-sgd.py', reloading
INFO:werkzeug: * Restarting with stat
INFO:logger:
---------------------------------------------------------------
API v1.0 online: http://localhost:8080/projeto


WARNING:werkzeug: * Debugger is active!
INFO:werkzeug: * Debugger PIN: 822-405-388
INFO:logger:
---------------------------------------------------------------
API v1.0 online: http://localhost:8080/projeto


INFO:werkzeug:[31m[1mWARNING: This is a development server. Do not use it in a production deployment. Use a production WSGI server instead.[0m
 * Running on all addresses (0.0.0.0)
 * Running on http://127.0.0.1:8080
 * Running on http://192.168.0.194:8080
INFO:werkzeug:[33mPress CTRL+C to quit[0m
INFO:werkzeug: * Restarting with stat
INFO:logger:
---------------------------------------------------------------
API v1.0 online: http://localhost:8080/projeto


WARNING:werkzeug: * Debugger is active!
INFO:werkzeug: * Debugger PIN: 822-405-388
INFO:werkzeug:127.0.0.1 - - [08/Dec/2024 19:02:07] "[32mPOST /schedule HTTP/1.1[0m" 308 -
INFO:logger:---- POST / schedule----
DEBUG:logger:req: {'date_time': '2024-10-06', 'flight_id': 12}
ERROR:logger:type "datetime" does not exist
LINE 1: CALL add_schedule ('2024-10-06'::datetime, '1'::int, 12::int...
                                         ^

ERROR:logger:current transaction is aborted, commands ignored until end of transaction block

DEBUG:logger:res: {'status': 500, 'errors': 'current transaction is aborted, commands ignored until end of transaction block\n', 'results': None}
INFO:werkzeug:127.0.0.1 - - [08/Dec/2024 19:02:07] "POST /schedule/ HTTP/1.1" 200 -
INFO:werkzeug: * Detected change in '/Users/laura_barreto06/sgd-demo-2024-main/python/app/demo-api-sgd.py', reloading
INFO:werkzeug: * Restarting with stat
INFO:logger:
---------------------------------------------------------------
API v1.0 online: http://localhost:8080/projeto


WARNING:werkzeug: * Debugger is active!
INFO:werkzeug: * Debugger PIN: 822-405-388
INFO:werkzeug: * Detected change in '/Users/laura_barreto06/sgd-demo-2024-main/python/app/demo-api-sgd.py', reloading
INFO:werkzeug: * Restarting with stat
INFO:logger:
---------------------------------------------------------------
API v1.0 online: http://localhost:8080/projeto


WARNING:werkzeug: * Debugger is active!
INFO:werkzeug: * Debugger PIN: 822-405-388
INFO:werkzeug: * Detected change in '/Users/laura_barreto06/sgd-demo-2024-main/python/app/demo-api-sgd.py', reloading
INFO:werkzeug: * Restarting with stat
INFO:logger:
---------------------------------------------------------------
API v1.0 online: http://localhost:8080/projeto


WARNING:werkzeug: * Debugger is active!
INFO:werkzeug: * Debugger PIN: 822-405-388
INFO:werkzeug: * Detected change in '/Users/laura_barreto06/sgd-demo-2024-main/python/app/demo-api-sgd.py', reloading
INFO:werkzeug: * Restarting with stat
INFO:logger:
---------------------------------------------------------------
API v1.0 online: http://localhost:8080/projeto


WARNING:werkzeug: * Debugger is active!
INFO:werkzeug: * Debugger PIN: 822-405-388
INFO:werkzeug: * Detected change in '/Users/laura_barreto06/sgd-demo-2024-main/python/app/demo-api-sgd.py', reloading
INFO:werkzeug: * Restarting with stat
INFO:logger:
---------------------------------------------------------------
API v1.0 online: http://localhost:8080/projeto


WARNING:werkzeug: * Debugger is active!
INFO:werkzeug: * Debugger PIN: 822-405-388
INFO:werkzeug: * Detected change in '/Users/laura_barreto06/sgd-demo-2024-main/python/app/demo-api-sgd.py', reloading
INFO:werkzeug: * Restarting with stat
INFO:logger:
---------------------------------------------------------------
API v1.0 online: http://localhost:8080/projeto


WARNING:werkzeug: * Debugger is active!
INFO:werkzeug: * Debugger PIN: 822-405-388
INFO:werkzeug: * Detected change in '/Users/laura_barreto06/sgd-demo-2024-main/python/app/demo-api-sgd.py', reloading
INFO:werkzeug: * Restarting with stat
INFO:logger:
---------------------------------------------------------------
API v1.0 online: http://localhost:8080/projeto


WARNING:werkzeug: * Debugger is active!
INFO:werkzeug: * Debugger PIN: 822-405-388
INFO:werkzeug: * Detected change in '/Users/laura_barreto06/sgd-demo-2024-main/python/app/demo-api-sgd.py', reloading
INFO:werkzeug: * Restarting with stat
INFO:logger:
---------------------------------------------------------------
API v1.0 online: http://localhost:8080/projeto


WARNING:werkzeug: * Debugger is active!
INFO:werkzeug: * Debugger PIN: 822-405-388
INFO:logger:
---------------------------------------------------------------
API v1.0 online: http://localhost:8080/projeto


INFO:werkzeug:[31m[1mWARNING: This is a development server. Do not use it in a production deployment. Use a production WSGI server instead.[0m
 * Running on all addresses (0.0.0.0)
 * Running on http://127.0.0.1:8080
 * Running on http://192.168.0.194:8080
INFO:werkzeug:[33mPress CTRL+C to quit[0m
INFO:werkzeug: * Restarting with stat
INFO:logger:
---------------------------------------------------------------
API v1.0 online: http://localhost:8080/projeto


WARNING:werkzeug: * Debugger is active!
INFO:werkzeug: * Debugger PIN: 822-405-388
INFO:werkzeug:127.0.0.1 - - [08/Dec/2024 19:04:39] "[32mPOST /schedule HTTP/1.1[0m" 308 -
INFO:logger:---- POST / schedule----
DEBUG:logger:req: {'date_time': '2024-10-06', 'flight_id': 12}
ERROR:logger:type "datetime" does not exist
LINE 1: CALL add_schedule ('2024-10-06'::datetime, '1'::int, 12::int...
                                         ^

ERROR:logger:current transaction is aborted, commands ignored until end of transaction block

DEBUG:logger:res: {'status': 500, 'errors': 'current transaction is aborted, commands ignored until end of transaction block\n', 'results': None}
INFO:werkzeug:127.0.0.1 - - [08/Dec/2024 19:04:39] "POST /schedule/ HTTP/1.1" 200 -
INFO:logger:
---------------------------------------------------------------
API v1.0 online: http://localhost:8080/projeto


INFO:werkzeug:[31m[1mWARNING: This is a development server. Do not use it in a production deployment. Use a production WSGI server instead.[0m
 * Running on all addresses (0.0.0.0)
 * Running on http://127.0.0.1:8080
 * Running on http://192.168.0.194:8080
INFO:werkzeug:[33mPress CTRL+C to quit[0m
INFO:werkzeug: * Restarting with stat
INFO:logger:
---------------------------------------------------------------
API v1.0 online: http://localhost:8080/projeto


WARNING:werkzeug: * Debugger is active!
INFO:werkzeug: * Debugger PIN: 822-405-388
INFO:werkzeug:127.0.0.1 - - [08/Dec/2024 19:05:56] "[32mPOST /schedule HTTP/1.1[0m" 308 -
INFO:logger:---- POST / schedule----
DEBUG:logger:req: {'date_time': '2024-10-06', 'flight_id': 12}
ERROR:logger:type "datetime" does not exist
LINE 1: CALL add_schedule ('2024-10-06'::datetime, '1'::int, 12::int...
                                         ^

ERROR:logger:current transaction is aborted, commands ignored until end of transaction block

DEBUG:logger:res: {'status': 500, 'errors': 'current transaction is aborted, commands ignored until end of transaction block\n', 'results': None}
INFO:werkzeug:127.0.0.1 - - [08/Dec/2024 19:05:56] "POST /schedule/ HTTP/1.1" 200 -
INFO:werkzeug: * Detected change in '/Users/laura_barreto06/sgd-demo-2024-main/python/app/demo-api-sgd.py', reloading
INFO:werkzeug: * Restarting with stat
INFO:logger:
---------------------------------------------------------------
API v1.0 online: http://localhost:8080/projeto


WARNING:werkzeug: * Debugger is active!
INFO:werkzeug: * Debugger PIN: 822-405-388
INFO:werkzeug: * Detected change in '/Users/laura_barreto06/sgd-demo-2024-main/python/app/demo-api-sgd.py', reloading
INFO:werkzeug: * Restarting with stat
INFO:logger:
---------------------------------------------------------------
API v1.0 online: http://localhost:8080/projeto


WARNING:werkzeug: * Debugger is active!
INFO:werkzeug: * Debugger PIN: 822-405-388
INFO:werkzeug: * Detected change in '/Users/laura_barreto06/sgd-demo-2024-main/python/app/demo-api-sgd.py', reloading
INFO:werkzeug: * Restarting with stat
INFO:logger:
---------------------------------------------------------------
API v1.0 online: http://localhost:8080/projeto


WARNING:werkzeug: * Debugger is active!
INFO:werkzeug: * Debugger PIN: 822-405-388
INFO:werkzeug: * Detected change in '/Users/laura_barreto06/sgd-demo-2024-main/python/app/demo-api-sgd.py', reloading
INFO:werkzeug: * Restarting with stat
INFO:logger:
---------------------------------------------------------------
API v1.0 online: http://localhost:8080/projeto


WARNING:werkzeug: * Debugger is active!
INFO:werkzeug: * Debugger PIN: 822-405-388
INFO:werkzeug:127.0.0.1 - - [08/Dec/2024 19:20:04] "[32mPOST /schedule HTTP/1.1[0m" 308 -
INFO:logger:---- POST / schedule----
DEBUG:logger:req: {'date_time': '2024-10-06', 'flight_id': 12}
ERROR:logger:type "datetime" does not exist
LINE 1: CALL add_schedule ('2024-10-06'::datetime, '1'::int, 12::int...
                                         ^

ERROR:logger:current transaction is aborted, commands ignored until end of transaction block

DEBUG:logger:res: {'status': 500, 'errors': 'current transaction is aborted, commands ignored until end of transaction block\n', 'results': None}
INFO:werkzeug:127.0.0.1 - - [08/Dec/2024 19:20:04] "POST /schedule/ HTTP/1.1" 200 -
INFO:werkzeug: * Detected change in '/Users/laura_barreto06/sgd-demo-2024-main/python/app/demo-api-sgd.py', reloading
INFO:werkzeug: * Restarting with stat
INFO:logger:
---------------------------------------------------------------
API v1.0 online: http://localhost:8080/projeto


INFO:werkzeug:[31m[1mWARNING: This is a development server. Do not use it in a production deployment. Use a production WSGI server instead.[0m
 * Running on all addresses (0.0.0.0)
 * Running on http://127.0.0.1:8080
 * Running on http://192.168.0.194:8080
INFO:werkzeug:[33mPress CTRL+C to quit[0m
INFO:werkzeug: * Restarting with stat
INFO:logger:
---------------------------------------------------------------
API v1.0 online: http://localhost:8080/projeto


WARNING:werkzeug: * Debugger is active!
INFO:werkzeug: * Debugger PIN: 822-405-388
INFO:werkzeug:127.0.0.1 - - [08/Dec/2024 19:26:10] "[32mPOST /schedule HTTP/1.1[0m" 308 -
INFO:logger:---- POST / schedule----
DEBUG:logger:req: {'date_time': '2024-10-06', 'flight_id': 12}
ERROR:logger:type "datetime" does not exist
LINE 1: CALL add_schedule ('2024-10-06'::datetime, '1'::int, 12::int...
                                         ^

ERROR:logger:current transaction is aborted, commands ignored until end of transaction block

DEBUG:logger:res: {'status': 500, 'errors': 'current transaction is aborted, commands ignored until end of transaction block\n', 'results': None}
INFO:werkzeug:127.0.0.1 - - [08/Dec/2024 19:26:10] "POST /schedule/ HTTP/1.1" 200 -
INFO:werkzeug: * Detected change in '/Users/laura_barreto06/sgd-demo-2024-main/python/app/demo-api-sgd.py', reloading
INFO:werkzeug: * Restarting with stat
INFO:logger:
---------------------------------------------------------------
API v1.0 online: http://localhost:8080/projeto


WARNING:werkzeug: * Debugger is active!
INFO:werkzeug: * Debugger PIN: 822-405-388
INFO:werkzeug: * Detected change in '/Users/laura_barreto06/sgd-demo-2024-main/python/app/demo-api-sgd.py', reloading
INFO:werkzeug: * Restarting with stat
INFO:logger:
---------------------------------------------------------------
API v1.0 online: http://localhost:8080/projeto


INFO:werkzeug:[31m[1mWARNING: This is a development server. Do not use it in a production deployment. Use a production WSGI server instead.[0m
 * Running on all addresses (0.0.0.0)
 * Running on http://127.0.0.1:8080
 * Running on http://192.168.0.194:8080
INFO:werkzeug:[33mPress CTRL+C to quit[0m
INFO:werkzeug: * Restarting with stat
INFO:logger:
---------------------------------------------------------------
API v1.0 online: http://localhost:8080/projeto


WARNING:werkzeug: * Debugger is active!
INFO:werkzeug: * Debugger PIN: 822-405-388
INFO:werkzeug:127.0.0.1 - - [08/Dec/2024 19:32:38] "[32mPOST /schedule HTTP/1.1[0m" 308 -
INFO:logger:---- POST / schedule----
DEBUG:logger:req: {'date_time': '2024-10-06', 'flight_id': 12}
ERROR:logger:type "datetime" does not exist
LINE 1: CALL add_schedule ('2024-10-06'::datetime, '1'::int, 12::int...
                                         ^

ERROR:logger:current transaction is aborted, commands ignored until end of transaction block

DEBUG:logger:res: {'status': 500, 'errors': 'current transaction is aborted, commands ignored until end of transaction block\n', 'results': None}
INFO:werkzeug:127.0.0.1 - - [08/Dec/2024 19:32:38] "POST /schedule/ HTTP/1.1" 200 -
INFO:werkzeug:127.0.0.1 - - [08/Dec/2024 19:33:30] "[32mPOST /schedule HTTP/1.1[0m" 308 -
INFO:logger:---- POST / schedule----
DEBUG:logger:req: {'date_time': '2024-10-06 00:00:00', 'flight_id': 12}
ERROR:logger:type "datetime" does not exist
LINE 1: CALL add_schedule ('2024-10-06 00:00:00'::datetime, '1'::int...
                                                  ^

ERROR:logger:current transaction is aborted, commands ignored until end of transaction block

DEBUG:logger:res: {'status': 500, 'errors': 'current transaction is aborted, commands ignored until end of transaction block\n', 'results': None}
INFO:werkzeug:127.0.0.1 - - [08/Dec/2024 19:33:30] "POST /schedule/ HTTP/1.1" 200 -
INFO:werkzeug: * Detected change in '/Users/laura_barreto06/sgd-demo-2024-main/python/app/demo-api-sgd.py', reloading
INFO:werkzeug: * Restarting with stat
INFO:logger:
---------------------------------------------------------------
API v1.0 online: http://localhost:8080/projeto


WARNING:werkzeug: * Debugger is active!
INFO:werkzeug: * Debugger PIN: 822-405-388
INFO:werkzeug: * Detected change in '/Users/laura_barreto06/sgd-demo-2024-main/python/app/demo-api-sgd.py', reloading
INFO:werkzeug: * Restarting with stat
INFO:logger:
---------------------------------------------------------------
API v1.0 online: http://localhost:8080/projeto


WARNING:werkzeug: * Debugger is active!
INFO:werkzeug: * Debugger PIN: 822-405-388
INFO:werkzeug: * Detected change in '/Users/laura_barreto06/sgd-demo-2024-main/python/app/demo-api-sgd.py', reloading
INFO:werkzeug: * Restarting with stat
INFO:logger:
---------------------------------------------------------------
API v1.0 online: http://localhost:8080/projeto


WARNING:werkzeug: * Debugger is active!
INFO:werkzeug: * Debugger PIN: 822-405-388
INFO:logger:
---------------------------------------------------------------
API v1.0 online: http://localhost:8080/projeto


INFO:werkzeug:[31m[1mWARNING: This is a development server. Do not use it in a production deployment. Use a production WSGI server instead.[0m
 * Running on all addresses (0.0.0.0)
 * Running on http://127.0.0.1:8080
 * Running on http://192.168.0.194:8080
INFO:werkzeug:[33mPress CTRL+C to quit[0m
INFO:werkzeug: * Restarting with stat
INFO:logger:
---------------------------------------------------------------
API v1.0 online: http://localhost:8080/projeto


WARNING:werkzeug: * Debugger is active!
INFO:werkzeug: * Debugger PIN: 822-405-388
INFO:werkzeug:127.0.0.1 - - [08/Dec/2024 19:35:52] "[32mPOST /schedule HTTP/1.1[0m" 308 -
INFO:logger:---- POST / schedule----
DEBUG:logger:req: {'date_time': '2024-10-06 00:00:00', 'flight_id': 12}
ERROR:logger:error: column "administrador_sys_user_user_id" of relation "schedule" does not exist
CONTEXT:  PL/pgSQL function add_schedule(timestamp without time zone,integer,integer) line 7 at RAISE

ERROR:logger:current transaction is aborted, commands ignored until end of transaction block

DEBUG:logger:res: {'status': 500, 'errors': 'current transaction is aborted, commands ignored until end of transaction block\n', 'results': None}
INFO:werkzeug:127.0.0.1 - - [08/Dec/2024 19:35:52] "POST /schedule/ HTTP/1.1" 200 -
INFO:logger:
---------------------------------------------------------------
API v1.0 online: http://localhost:8080/projeto


INFO:werkzeug:[31m[1mWARNING: This is a development server. Do not use it in a production deployment. Use a production WSGI server instead.[0m
 * Running on all addresses (0.0.0.0)
 * Running on http://127.0.0.1:8080
 * Running on http://192.168.0.194:8080
INFO:werkzeug:[33mPress CTRL+C to quit[0m
INFO:werkzeug: * Restarting with stat
INFO:logger:
---------------------------------------------------------------
API v1.0 online: http://localhost:8080/projeto


WARNING:werkzeug: * Debugger is active!
INFO:werkzeug: * Debugger PIN: 822-405-388
INFO:werkzeug:127.0.0.1 - - [08/Dec/2024 19:40:01] "[32mPOST /schedule HTTP/1.1[0m" 308 -
INFO:logger:---- POST / schedule----
DEBUG:logger:req: {'date_time': '2024-10-06 00:00:00', 'flight_id': 12}
INFO:logger:---- New schedule  ----
DEBUG:logger:Batch inserting 56 tickets
DEBUG:logger:res: {'status': 200, 'errors': None, 'results': 39}
INFO:werkzeug:127.0.0.1 - - [08/Dec/2024 19:40:01] "POST /schedule/ HTTP/1.1" 200 -
INFO:werkzeug:127.0.0.1 - - [08/Dec/2024 19:40:35] "[32mPOST /schedule HTTP/1.1[0m" 308 -
INFO:logger:---- POST / schedule----
DEBUG:logger:req: {'date_time': '2024-10-06', 'flight_id': 13}
ERROR:logger:Flight id does not exist!
INFO:werkzeug:127.0.0.1 - - [08/Dec/2024 19:40:35] "POST /schedule/ HTTP/1.1" 200 -
INFO:werkzeug:127.0.0.1 - - [08/Dec/2024 19:40:40] "[32mPOST /schedule HTTP/1.1[0m" 308 -
INFO:logger:---- POST / schedule----
DEBUG:logger:req: {'date_time': '2024-10-06', 'flight_id': 11}
INFO:logger:---- New schedule  ----
DEBUG:logger:Batch inserting 100 tickets
DEBUG:logger:res: {'status': 200, 'errors': None, 'results': 40}
INFO:werkzeug:127.0.0.1 - - [08/Dec/2024 19:40:40] "POST /schedule/ HTTP/1.1" 200 -
INFO:werkzeug:127.0.0.1 - - [08/Dec/2024 19:42:36] "[32mGET /check_routes HTTP/1.1[0m" 308 -
INFO:logger:---- GET / routes ----
DEBUG:logger:req: {'origin': 8, 'destiny': 4}
INFO:werkzeug:127.0.0.1 - - [08/Dec/2024 19:42:36] "[35m[1mGET /check_routes/ HTTP/1.1[0m" 500 -
INFO:werkzeug: * Detected change in '/Users/laura_barreto06/sgd-demo-2024-main/python/app/demo-api-sgd.py', reloading
INFO:werkzeug: * Restarting with stat
INFO:logger:
---------------------------------------------------------------
API v1.0 online: http://localhost:8080/projeto


WARNING:werkzeug: * Debugger is active!
INFO:werkzeug: * Debugger PIN: 822-405-388
INFO:werkzeug: * Detected change in '/Users/laura_barreto06/sgd-demo-2024-main/python/app/demo-api-sgd.py', reloading
INFO:werkzeug: * Restarting with stat
INFO:logger:
---------------------------------------------------------------
API v1.0 online: http://localhost:8080/projeto


WARNING:werkzeug: * Debugger is active!
INFO:werkzeug: * Debugger PIN: 822-405-388
INFO:werkzeug:127.0.0.1 - - [08/Dec/2024 19:43:18] "[32mGET /check_routes HTTP/1.1[0m" 308 -
INFO:logger:---- GET / routes ----
DEBUG:logger:req: {'origin': 8, 'destiny': 4}
INFO:logger:---- Routes with the given info ----
DEBUG:logger:res: {'status': 200, 'errors': None, 'results': []}
INFO:werkzeug:127.0.0.1 - - [08/Dec/2024 19:43:18] "GET /check_routes/ HTTP/1.1" 200 -
INFO:werkzeug:127.0.0.1 - - [08/Dec/2024 19:43:45] "[32mGET /check_routes HTTP/1.1[0m" 308 -
INFO:logger:---- GET / routes ----
DEBUG:logger:req: {'origin': 5, 'destiny': 6}
INFO:logger:---- Routes with the given info ----
DEBUG:logger:res: {'status': 200, 'errors': None, 'results': [{'origin': 5, 'destiny': 6, 'flight_id': 1, 'schedules': datetime.datetime(2024, 1, 1, 0, 0)}, {'origin': 5, 'destiny': 6, 'flight_id': 10, 'schedules': datetime.datetime(2024, 5, 5, 0, 0)}, {'origin': 5, 'destiny': 6, 'flight_id': 1, 'schedules': datetime.datetime(2024, 6, 2, 0, 0)}, {'origin': 5, 'destiny': 6, 'flight_id': 10, 'schedules': datetime.datetime(2024, 10, 5, 0, 0)}, {'origin': 5, 'destiny': 6, 'flight_id': 1, 'schedules': datetime.datetime(2024, 10, 20, 0, 0)}]}
INFO:werkzeug:127.0.0.1 - - [08/Dec/2024 19:43:46] "GET /check_routes/ HTTP/1.1" 200 -
INFO:werkzeug: * Detected change in '/Users/laura_barreto06/sgd-demo-2024-main/python/app/demo-api-sgd.py', reloading
INFO:werkzeug: * Restarting with stat
INFO:logger:
---------------------------------------------------------------
API v1.0 online: http://localhost:8080/projeto


WARNING:werkzeug: * Debugger is active!
INFO:werkzeug: * Debugger PIN: 822-405-388
INFO:werkzeug: * Detected change in '/Users/laura_barreto06/sgd-demo-2024-main/python/app/demo-api-sgd.py', reloading
INFO:werkzeug: * Restarting with stat
INFO:logger:
---------------------------------------------------------------
API v1.0 online: http://localhost:8080/projeto


WARNING:werkzeug: * Debugger is active!
INFO:werkzeug: * Debugger PIN: 822-405-388
INFO:werkzeug: * Detected change in '/Users/laura_barreto06/sgd-demo-2024-main/python/app/demo-api-sgd.py', reloading
INFO:werkzeug: * Restarting with stat
INFO:logger:
---------------------------------------------------------------
API v1.0 online: http://localhost:8080/projeto


WARNING:werkzeug: * Debugger is active!
INFO:werkzeug: * Debugger PIN: 822-405-388
INFO:werkzeug: * Detected change in '/Users/laura_barreto06/sgd-demo-2024-main/python/app/demo-api-sgd.py', reloading
INFO:werkzeug: * Restarting with stat
INFO:logger:
---------------------------------------------------------------
API v1.0 online: http://localhost:8080/projeto


WARNING:werkzeug: * Debugger is active!
INFO:werkzeug: * Debugger PIN: 822-405-388
INFO:werkzeug: * Detected change in '/Users/laura_barreto06/sgd-demo-2024-main/python/app/demo-api-sgd.py', reloading
INFO:werkzeug: * Restarting with stat
INFO:logger:
---------------------------------------------------------------
API v1.0 online: http://localhost:8080/projeto


WARNING:werkzeug: * Debugger is active!
INFO:werkzeug: * Debugger PIN: 822-405-388
INFO:werkzeug:127.0.0.1 - - [08/Dec/2024 19:46:58] "[33mGET /assento HTTP/1.1[0m" 404 -
INFO:werkzeug:127.0.0.1 - - [08/Dec/2024 19:47:19] "[32mGET /check_seats HTTP/1.1[0m" 308 -
INFO:logger:---- GET / check available seats ----
ERROR:logger:'int' object does not support indexing
DEBUG:logger:res: {'status': 500, 'errors': "'int' object does not support indexing", 'results': None}
INFO:werkzeug:127.0.0.1 - - [08/Dec/2024 19:47:19] "GET /check_seats/ HTTP/1.1" 200 -
INFO:werkzeug: * Detected change in '/Users/laura_barreto06/sgd-demo-2024-main/python/app/demo-api-sgd.py', reloading
INFO:werkzeug: * Restarting with stat
INFO:logger:
---------------------------------------------------------------
API v1.0 online: http://localhost:8080/projeto


WARNING:werkzeug: * Debugger is active!
INFO:werkzeug: * Debugger PIN: 822-405-388
INFO:werkzeug:127.0.0.1 - - [08/Dec/2024 19:48:27] "[32mGET /check_seats HTTP/1.1[0m" 308 -
INFO:logger:---- GET / check available seats ----
ERROR:logger:column "schedule_id" does not exist
LINE 1: SELECT seat_seat_num FROM ticket_seat WHERE schedule_id = 12...
                                                    ^

DEBUG:logger:res: {'status': 500, 'errors': 'column "schedule_id" does not exist\nLINE 1: SELECT seat_seat_num FROM ticket_seat WHERE schedule_id = 12...\n                                                    ^\n', 'results': None}
INFO:werkzeug:127.0.0.1 - - [08/Dec/2024 19:48:27] "GET /check_seats/ HTTP/1.1" 200 -
INFO:werkzeug: * Detected change in '/Users/laura_barreto06/sgd-demo-2024-main/python/app/demo-api-sgd.py', reloading
INFO:werkzeug: * Restarting with stat
INFO:logger:
---------------------------------------------------------------
API v1.0 online: http://localhost:8080/projeto


WARNING:werkzeug: * Debugger is active!
INFO:werkzeug: * Debugger PIN: 822-405-388
INFO:werkzeug: * Detected change in '/Users/laura_barreto06/sgd-demo-2024-main/python/app/demo-api-sgd.py', reloading
INFO:werkzeug: * Restarting with stat
INFO:logger:
---------------------------------------------------------------
API v1.0 online: http://localhost:8080/projeto


WARNING:werkzeug: * Debugger is active!
INFO:werkzeug: * Debugger PIN: 822-405-388
INFO:werkzeug:127.0.0.1 - - [08/Dec/2024 19:48:50] "[32mGET /check_seats HTTP/1.1[0m" 308 -
INFO:logger:---- GET / check available seats ----
INFO:logger:---- Check available seats ----
DEBUG:logger:res: {'status': 200, 'errors': None, 'results': []}
INFO:werkzeug:127.0.0.1 - - [08/Dec/2024 19:48:50] "GET /check_seats/ HTTP/1.1" 200 -
INFO:werkzeug:127.0.0.1 - - [08/Dec/2024 19:49:14] "[32mGET /check_seats HTTP/1.1[0m" 308 -
INFO:logger:---- GET / check available seats ----
INFO:logger:---- Check available seats ----
DEBUG:logger:res: {'status': 200, 'errors': None, 'results': [('10a',), ('10b',), ('10c',), ('10d',), ('10e',), ('10f',), ('11a',), ('11b',), ('11c',), ('11d',), ('11e',), ('11f',), ('12a',), ('12b',), ('12c',), ('12d',), ('12e',), ('12f',), ('13a',), ('13b',), ('13c',), ('13d',), ('13e',), ('13f',), ('14a',), ('14b',), ('14c',), ('14d',), ('14e',), ('14f',), ('15c',), ('15d',), ('1a',), ('1b',), ('1c',), ('1d',), ('1e',), ('1f',), ('2a',), ('2b',), ('2c',), ('2d',), ('2e',), ('2f',), ('3a',), ('3b',), ('3c',), ('3d',), ('3e',), ('3f',), ('4a',), ('4b',), ('4c',), ('4d',), ('4e',), ('4f',), ('5a',), ('5b',), ('5c',), ('5d',), ('5e',), ('5f',), ('6a',), ('6b',), ('6c',), ('6d',), ('6e',), ('6f',), ('7a',), ('7b',), ('7c',), ('7d',), ('7e',), ('7f',), ('8a',), ('8b',), ('8c',), ('8d',), ('8e',), ('8f',), ('9a',), ('9b',), ('9c',), ('9d',), ('9e',), ('9f',)]}
INFO:werkzeug:127.0.0.1 - - [08/Dec/2024 19:49:14] "GET /check_seats/ HTTP/1.1" 200 -
INFO:werkzeug: * Detected change in '/Users/laura_barreto06/sgd-demo-2024-main/python/app/demo-api-sgd.py', reloading
INFO:werkzeug: * Restarting with stat
INFO:logger:
---------------------------------------------------------------
API v1.0 online: http://localhost:8080/projeto


WARNING:werkzeug: * Debugger is active!
INFO:werkzeug: * Debugger PIN: 822-405-388
INFO:werkzeug: * Detected change in '/Users/laura_barreto06/sgd-demo-2024-main/python/app/demo-api-sgd.py', reloading
INFO:werkzeug: * Restarting with stat
INFO:logger:
---------------------------------------------------------------
API v1.0 online: http://localhost:8080/projeto


INFO:werkzeug:[31m[1mWARNING: This is a development server. Do not use it in a production deployment. Use a production WSGI server instead.[0m
 * Running on all addresses (0.0.0.0)
 * Running on http://127.0.0.1:8080
 * Running on http://192.168.0.194:8080
INFO:werkzeug:[33mPress CTRL+C to quit[0m
INFO:werkzeug: * Restarting with stat
INFO:logger:
---------------------------------------------------------------
API v1.0 online: http://localhost:8080/projeto


WARNING:werkzeug: * Debugger is active!
INFO:werkzeug: * Debugger PIN: 822-405-388
INFO:werkzeug:127.0.0.1 - - [08/Dec/2024 19:51:39] "[32mGET /check_seats HTTP/1.1[0m" 308 -
INFO:logger:---- GET / check available seats ----
INFO:logger:---- Check available seats ----
DEBUG:logger:res: {'status': 200, 'errors': None, 'results': ['1', '0', 'a', '1', '0', 'b', '1', '0', 'c', '1', '0', 'd', '1', '0', 'e', '1', '0', 'f', '1', '1', 'a', '1', '1', 'b', '1', '1', 'c', '1', '1', 'd', '1', '1', 'e', '1', '1', 'f', '1', '2', 'a', '1', '2', 'b', '1', '2', 'c', '1', '2', 'd', '1', '2', 'e', '1', '2', 'f', '1', '3', 'a', '1', '3', 'b', '1', '3', 'c', '1', '3', 'd', '1', '3', 'e', '1', '3', 'f', '1', '4', 'a', '1', '4', 'b', '1', '4', 'c', '1', '4', 'd', '1', '4', 'e', '1', '4', 'f', '1', '5', 'c', '1', '5', 'd', '1', 'a', '1', 'b', '1', 'c', '1', 'd', '1', 'e', '1', 'f', '2', 'a', '2', 'b', '2', 'c', '2', 'd', '2', 'e', '2', 'f', '3', 'a', '3', 'b', '3', 'c', '3', 'd', '3', 'e', '3', 'f', '4', 'a', '4', 'b', '4', 'c', '4', 'd', '4', 'e', '4', 'f', '5', 'a', '5', 'b', '5', 'c', '5', 'd', '5', 'e', '5', 'f', '6', 'a', '6', 'b', '6', 'c', '6', 'd', '6', 'e', '6', 'f', '7', 'a', '7', 'b', '7', 'c', '7', 'd', '7', 'e', '7', 'f', '8', 'a', '8', 'b', '8', 'c', '8', 'd', '8', 'e', '8', 'f', '9', 'a', '9', 'b', '9', 'c', '9', 'd', '9', 'e', '9', 'f']}
INFO:werkzeug:127.0.0.1 - - [08/Dec/2024 19:51:39] "GET /check_seats/ HTTP/1.1" 200 -
INFO:werkzeug: * Detected change in '/Users/laura_barreto06/sgd-demo-2024-main/python/app/demo-api-sgd.py', reloading
INFO:werkzeug: * Restarting with stat
INFO:logger:
---------------------------------------------------------------
API v1.0 online: http://localhost:8080/projeto


WARNING:werkzeug: * Debugger is active!
INFO:werkzeug: * Debugger PIN: 822-405-388
INFO:logger:
---------------------------------------------------------------
API v1.0 online: http://localhost:8080/projeto


INFO:werkzeug:[31m[1mWARNING: This is a development server. Do not use it in a production deployment. Use a production WSGI server instead.[0m
 * Running on all addresses (0.0.0.0)
 * Running on http://127.0.0.1:8080
 * Running on http://192.168.0.194:8080
INFO:werkzeug:[33mPress CTRL+C to quit[0m
INFO:werkzeug: * Restarting with stat
INFO:logger:
---------------------------------------------------------------
API v1.0 online: http://localhost:8080/projeto


WARNING:werkzeug: * Debugger is active!
INFO:werkzeug: * Debugger PIN: 822-405-388
INFO:werkzeug:127.0.0.1 - - [08/Dec/2024 19:52:18] "[32mGET /check_seats HTTP/1.1[0m" 308 -
INFO:logger:---- GET / check available seats ----
INFO:logger:---- Check available seats ----
DEBUG:logger:res: {'status': 200, 'errors': None, 'results': ['10a', '10b', '10c', '10d', '10e', '10f', '11a', '11b', '11c', '11d', '11e', '11f', '12a', '12b', '12c', '12d', '12e', '12f', '13a', '13b', '13c', '13d', '13e', '13f', '14a', '14b', '14c', '14d', '14e', '14f', '15c', '15d', '1a', '1b', '1c', '1d', '1e', '1f', '2a', '2b', '2c', '2d', '2e', '2f', '3a', '3b', '3c', '3d', '3e', '3f', '4a', '4b', '4c', '4d', '4e', '4f', '5a', '5b', '5c', '5d', '5e', '5f', '6a', '6b', '6c', '6d', '6e', '6f', '7a', '7b', '7c', '7d', '7e', '7f', '8a', '8b', '8c', '8d', '8e', '8f', '9a', '9b', '9c', '9d', '9e', '9f']}
INFO:werkzeug:127.0.0.1 - - [08/Dec/2024 19:52:18] "GET /check_seats/ HTTP/1.1" 200 -
INFO:werkzeug:127.0.0.1 - - [08/Dec/2024 19:54:31] "[33mPOST /reserva HTTP/1.1[0m" 404 -
INFO:werkzeug:127.0.0.1 - - [08/Dec/2024 19:54:42] "[33mPOST /book_flight HTTP/1.1[0m" 404 -
INFO:werkzeug:127.0.0.1 - - [08/Dec/2024 19:54:51] "[31m[1mPOST /book_flight/ HTTP/1.1[0m" 405 -
INFO:logger:---- POST / 
ERROR:logger:syntax error at or near "%"
LINE 1: ..._id FROM ticket_seat WHERE schedule_schedule_id = %s AND sea...
                                                             ^

DEBUG:logger:res: {'status': 500, 'errors': 'syntax error at or near "%"\nLINE 1: ..._id FROM ticket_seat WHERE schedule_schedule_id = %s AND sea...\n                                                             ^\n', 'results': None}
INFO:werkzeug:127.0.0.1 - - [08/Dec/2024 19:55:14] "GET /book_flight/ HTTP/1.1" 200 -
INFO:werkzeug: * Detected change in '/Users/laura_barreto06/sgd-demo-2024-main/python/app/demo-api-sgd.py', reloading
INFO:werkzeug: * Restarting with stat
INFO:logger:
---------------------------------------------------------------
API v1.0 online: http://localhost:8080/projeto


WARNING:werkzeug: * Debugger is active!
INFO:werkzeug: * Debugger PIN: 822-405-388
INFO:werkzeug: * Detected change in '/Users/laura_barreto06/sgd-demo-2024-main/python/app/demo-api-sgd.py', reloading
INFO:werkzeug: * Restarting with stat
INFO:logger:
---------------------------------------------------------------
API v1.0 online: http://localhost:8080/projeto


WARNING:werkzeug: * Debugger is active!
INFO:werkzeug: * Debugger PIN: 822-405-388
INFO:logger:---- POST / 
ERROR:logger:syntax error at or near "%"
LINE 1: ..._id FROM ticket_seat WHERE schedule_schedule_id = %s AND sea...
                                                             ^

DEBUG:logger:res: {'status': 500, 'errors': 'syntax error at or near "%"\nLINE 1: ..._id FROM ticket_seat WHERE schedule_schedule_id = %s AND sea...\n                                                             ^\n', 'results': None}
INFO:werkzeug:127.0.0.1 - - [08/Dec/2024 19:56:10] "GET /book_flight/ HTTP/1.1" 200 -
INFO:werkzeug: * Detected change in '/Users/laura_barreto06/sgd-demo-2024-main/python/app/demo-api-sgd.py', reloading
INFO:werkzeug: * Restarting with stat
INFO:logger:
---------------------------------------------------------------
API v1.0 online: http://localhost:8080/projeto


WARNING:werkzeug: * Debugger is active!
INFO:werkzeug: * Debugger PIN: 822-405-388
INFO:werkzeug: * Detected change in '/Users/laura_barreto06/sgd-demo-2024-main/python/app/demo-api-sgd.py', reloading
INFO:werkzeug: * Restarting with stat
INFO:logger:
---------------------------------------------------------------
API v1.0 online: http://localhost:8080/projeto


WARNING:werkzeug: * Debugger is active!
INFO:werkzeug: * Debugger PIN: 822-405-388
INFO:werkzeug: * Detected change in '/Users/laura_barreto06/sgd-demo-2024-main/python/app/demo-api-sgd.py', reloading
INFO:werkzeug: * Restarting with stat
INFO:logger:
---------------------------------------------------------------
API v1.0 online: http://localhost:8080/projeto


WARNING:werkzeug: * Debugger is active!
INFO:werkzeug: * Debugger PIN: 822-405-388
INFO:werkzeug: * Detected change in '/Users/laura_barreto06/sgd-demo-2024-main/python/app/demo-api-sgd.py', reloading
INFO:werkzeug: * Restarting with stat
INFO:logger:
---------------------------------------------------------------
API v1.0 online: http://localhost:8080/projeto


WARNING:werkzeug: * Debugger is active!
INFO:werkzeug: * Debugger PIN: 822-405-388
INFO:werkzeug: * Detected change in '/Users/laura_barreto06/sgd-demo-2024-main/python/app/demo-api-sgd.py', reloading
INFO:werkzeug: * Restarting with stat
INFO:logger:
---------------------------------------------------------------
API v1.0 online: http://localhost:8080/projeto


WARNING:werkzeug: * Debugger is active!
INFO:werkzeug: * Debugger PIN: 822-405-388
INFO:werkzeug: * Detected change in '/Users/laura_barreto06/sgd-demo-2024-main/python/app/demo-api-sgd.py', reloading
INFO:werkzeug: * Restarting with stat
INFO:logger:
---------------------------------------------------------------
API v1.0 online: http://localhost:8080/projeto


INFO:werkzeug:[31m[1mWARNING: This is a development server. Do not use it in a production deployment. Use a production WSGI server instead.[0m
 * Running on all addresses (0.0.0.0)
 * Running on http://127.0.0.1:8080
 * Running on http://192.168.0.194:8080
INFO:werkzeug:[33mPress CTRL+C to quit[0m
INFO:werkzeug: * Restarting with stat
INFO:logger:
---------------------------------------------------------------
API v1.0 online: http://localhost:8080/projeto


WARNING:werkzeug: * Debugger is active!
INFO:werkzeug: * Debugger PIN: 822-405-388
INFO:logger:---- POST / 
ERROR:logger:That ticket is already booked!
INFO:werkzeug:127.0.0.1 - - [08/Dec/2024 19:58:36] "GET /book_flight/ HTTP/1.1" 200 -
INFO:werkzeug: * Detected change in '/Users/laura_barreto06/sgd-demo-2024-main/python/app/demo-api-sgd.py', reloading
INFO:werkzeug: * Restarting with stat
INFO:logger:
---------------------------------------------------------------
API v1.0 online: http://localhost:8080/projeto


WARNING:werkzeug: * Debugger is active!
INFO:werkzeug: * Debugger PIN: 822-405-388
INFO:logger:---- POST / 
INFO:logger:---- New booking ----
ERROR:logger:'NoneType' object is not subscriptable
DEBUG:logger:res: {'status': 500, 'errors': "'NoneType' object is not subscriptable", 'results': None}
INFO:werkzeug:127.0.0.1 - - [08/Dec/2024 20:00:36] "GET /book_flight/ HTTP/1.1" 200 -
INFO:werkzeug: * Detected change in '/Users/laura_barreto06/sgd-demo-2024-main/python/app/demo-api-sgd.py', reloading
INFO:werkzeug: * Restarting with stat
INFO:logger:
---------------------------------------------------------------
API v1.0 online: http://localhost:8080/projeto


WARNING:werkzeug: * Debugger is active!
INFO:werkzeug: * Debugger PIN: 822-405-388
INFO:werkzeug: * Detected change in '/Users/laura_barreto06/sgd-demo-2024-main/python/app/demo-api-sgd.py', reloading
INFO:werkzeug: * Restarting with stat
INFO:logger:
---------------------------------------------------------------
API v1.0 online: http://localhost:8080/projeto


WARNING:werkzeug: * Debugger is active!
INFO:werkzeug: * Debugger PIN: 822-405-388
INFO:logger:---- POST / 
ERROR:logger:That ticket is already booked!
INFO:werkzeug:127.0.0.1 - - [08/Dec/2024 20:01:38] "GET /book_flight/ HTTP/1.1" 200 -
INFO:werkzeug: * Detected change in '/Users/laura_barreto06/sgd-demo-2024-main/python/app/demo-api-sgd.py', reloading
INFO:werkzeug: * Restarting with stat
INFO:logger:
---------------------------------------------------------------
API v1.0 online: http://localhost:8080/projeto


WARNING:werkzeug: * Debugger is active!
INFO:werkzeug: * Debugger PIN: 822-405-388
INFO:werkzeug: * Detected change in '/Users/laura_barreto06/sgd-demo-2024-main/python/app/demo-api-sgd.py', reloading
INFO:werkzeug: * Restarting with stat
INFO:logger:
---------------------------------------------------------------
API v1.0 online: http://localhost:8080/projeto


INFO:werkzeug:[31m[1mWARNING: This is a development server. Do not use it in a production deployment. Use a production WSGI server instead.[0m
 * Running on all addresses (0.0.0.0)
 * Running on http://127.0.0.1:8080
 * Running on http://192.168.0.194:8080
INFO:werkzeug:[33mPress CTRL+C to quit[0m
INFO:werkzeug: * Restarting with stat
INFO:logger:
---------------------------------------------------------------
API v1.0 online: http://localhost:8080/projeto


WARNING:werkzeug: * Debugger is active!
INFO:werkzeug: * Debugger PIN: 822-405-388
INFO:logger:---- POST / 
ERROR:logger:That ticket is already booked!
INFO:werkzeug:127.0.0.1 - - [08/Dec/2024 20:04:39] "GET /book_flight/ HTTP/1.1" 200 -
INFO:werkzeug: * Detected change in '/Users/laura_barreto06/sgd-demo-2024-main/python/app/demo-api-sgd.py', reloading
INFO:werkzeug: * Restarting with stat
INFO:logger:
---------------------------------------------------------------
API v1.0 online: http://localhost:8080/projeto


WARNING:werkzeug: * Debugger is active!
INFO:werkzeug: * Debugger PIN: 822-405-388
INFO:logger:---- POST / 
ERROR:logger:That ticket is already booked!
INFO:werkzeug:127.0.0.1 - - [08/Dec/2024 20:06:58] "GET /book_flight/ HTTP/1.1" 200 -
INFO:werkzeug: * Detected change in '/Users/laura_barreto06/sgd-demo-2024-main/python/app/demo-api-sgd.py', reloading
INFO:werkzeug: * Restarting with stat
INFO:logger:
---------------------------------------------------------------
API v1.0 online: http://localhost:8080/projeto


WARNING:werkzeug: * Debugger is active!
INFO:werkzeug: * Debugger PIN: 822-405-388
INFO:logger:---- POST / 
INFO:logger:---- New booking ----
DEBUG:logger:res: {'status': 200, 'errors': None, 'results': 40}
INFO:werkzeug:127.0.0.1 - - [08/Dec/2024 20:07:53] "GET /book_flight/ HTTP/1.1" 200 -
INFO:werkzeug: * Detected change in '/Users/laura_barreto06/sgd-demo-2024-main/python/app/demo-api-sgd.py', reloading
INFO:werkzeug: * Restarting with stat
INFO:logger:
---------------------------------------------------------------
API v1.0 online: http://localhost:8080/projeto


WARNING:werkzeug: * Debugger is active!
INFO:werkzeug: * Debugger PIN: 822-405-388
INFO:werkzeug: * Detected change in '/Users/laura_barreto06/sgd-demo-2024-main/python/app/demo-api-sgd.py', reloading
INFO:werkzeug: * Restarting with stat
INFO:logger:
---------------------------------------------------------------
API v1.0 online: http://localhost:8080/projeto


WARNING:werkzeug: * Debugger is active!
INFO:werkzeug: * Debugger PIN: 822-405-388
INFO:werkzeug: * Detected change in '/Users/laura_barreto06/sgd-demo-2024-main/python/app/demo-api-sgd.py', reloading
INFO:werkzeug: * Restarting with stat
INFO:logger:
---------------------------------------------------------------
API v1.0 online: http://localhost:8080/projeto


WARNING:werkzeug: * Debugger is active!
INFO:werkzeug: * Debugger PIN: 822-405-388
INFO:logger:---- POST / 
INFO:logger:---- New booking ----
DEBUG:logger:res: {'status': 200, 'errors': None, 'results': 40}
INFO:werkzeug:127.0.0.1 - - [08/Dec/2024 20:09:06] "GET /book_flight/ HTTP/1.1" 200 -
INFO:werkzeug:127.0.0.1 - - [08/Dec/2024 20:09:24] "[32mGET /check_seats HTTP/1.1[0m" 308 -
INFO:logger:---- GET / check available seats ----
INFO:logger:---- Check available seats ----
DEBUG:logger:res: {'status': 200, 'errors': None, 'results': ['10a', '10b', '10c', '10d', '10e', '10f', '11a', '11b', '11c', '11d', '11e', '11f', '12a', '12b', '12c', '12d', '12e', '12f', '13a', '13b', '13c', '13d', '13e', '13f', '14a', '14b', '14c', '14d', '14e', '14f', '15c', '15d', '1b', '1c', '1d', '1e', '1f', '2a', '2b', '2c', '2d', '2e', '2f', '3a', '3b', '3c', '3d', '3e', '3f', '4a', '4b', '4c', '4d', '4e', '4f', '5a', '5b', '5c', '5d', '5e', '5f', '6a', '6b', '6c', '6d', '6e', '6f', '7a', '7b', '7c', '7d', '7e', '7f', '8a', '8b', '8c', '8d', '8e', '8f', '9a', '9b', '9c', '9d', '9e', '9f']}
INFO:werkzeug:127.0.0.1 - - [08/Dec/2024 20:09:24] "GET /check_seats/ HTTP/1.1" 200 -
INFO:werkzeug: * Detected change in '/Users/laura_barreto06/sgd-demo-2024-main/python/app/demo-api-sgd.py', reloading
INFO:werkzeug: * Restarting with stat
INFO:logger:
---------------------------------------------------------------
API v1.0 online: http://localhost:8080/projeto


WARNING:werkzeug: * Debugger is active!
INFO:werkzeug: * Debugger PIN: 822-405-388
INFO:werkzeug: * Detected change in '/Users/laura_barreto06/sgd-demo-2024-main/python/app/demo-api-sgd.py', reloading
INFO:werkzeug: * Restarting with stat
INFO:logger:
---------------------------------------------------------------
API v1.0 online: http://localhost:8080/projeto


WARNING:werkzeug: * Debugger is active!
INFO:werkzeug: * Debugger PIN: 822-405-388
INFO:werkzeug: * Detected change in '/Users/laura_barreto06/sgd-demo-2024-main/python/app/demo-api-sgd.py', reloading
INFO:werkzeug: * Restarting with stat
INFO:logger:
---------------------------------------------------------------
API v1.0 online: http://localhost:8080/projeto


WARNING:werkzeug: * Debugger is active!
INFO:werkzeug: * Debugger PIN: 822-405-388
INFO:werkzeug: * Detected change in '/Users/laura_barreto06/sgd-demo-2024-main/python/app/demo-api-sgd.py', reloading
INFO:werkzeug: * Restarting with stat
INFO:logger:
---------------------------------------------------------------
API v1.0 online: http://localhost:8080/projeto


WARNING:werkzeug: * Debugger is active!
INFO:werkzeug: * Debugger PIN: 822-405-388
INFO:werkzeug:127.0.0.1 - - [08/Dec/2024 22:18:57] "[35m[1mGET /report/topDestinations/2 HTTP/1.1[0m" 500 -
INFO:werkzeug: * Detected change in '/Users/laura_barreto06/sgd-demo-2024-main/python/app/demo-api-sgd.py', reloading
INFO:werkzeug: * Restarting with stat
INFO:logger:
---------------------------------------------------------------
API v1.0 online: http://localhost:8080/projeto


WARNING:werkzeug: * Debugger is active!
INFO:werkzeug: * Debugger PIN: 822-405-388
INFO:logger:---- Top N destinations ----
DEBUG:logger:res: {'status': 200, 'errors': None, 'results': [{'destination_airport': 7, 'number_flights': 9}, {'destination_airport': 6, 'number_flights': 9}]}
INFO:werkzeug:127.0.0.1 - - [08/Dec/2024 22:19:16] "GET /report/topDestinations/2 HTTP/1.1" 200 -
INFO:logger:---- Top N destinations ----
DEBUG:logger:res: {'status': 200, 'errors': None, 'results': [{'destination_airport': 7, 'number_flights': 9}, {'destination_airport': 6, 'number_flights': 9}, {'destination_airport': 5, 'number_flights': 8}]}
INFO:werkzeug:127.0.0.1 - - [08/Dec/2024 22:22:00] "GET /report/topDestinations/3 HTTP/1.1" 200 -
INFO:werkzeug: * Detected change in '/Users/laura_barreto06/sgd-demo-2024-main/python/app/demo-api-sgd.py', reloading
INFO:werkzeug: * Restarting with stat
INFO:logger:
---------------------------------------------------------------
API v1.0 online: http://localhost:8080/projeto


WARNING:werkzeug: * Debugger is active!
INFO:werkzeug: * Debugger PIN: 822-405-388
INFO:werkzeug: * Detected change in '/Users/laura_barreto06/sgd-demo-2024-main/python/app/demo-api-sgd.py', reloading
INFO:werkzeug: * Restarting with stat
INFO:logger:
---------------------------------------------------------------
API v1.0 online: http://localhost:8080/projeto


WARNING:werkzeug: * Debugger is active!
INFO:werkzeug: * Debugger PIN: 822-405-388
INFO:werkzeug: * Detected change in '/Users/laura_barreto06/sgd-demo-2024-main/python/app/demo-api-sgd.py', reloading
INFO:werkzeug: * Restarting with stat
INFO:logger:
---------------------------------------------------------------
API v1.0 online: http://localhost:8080/projeto


WARNING:werkzeug: * Debugger is active!
INFO:werkzeug: * Debugger PIN: 822-405-388
INFO:werkzeug: * Detected change in '/Users/laura_barreto06/sgd-demo-2024-main/python/app/demo-api-sgd.py', reloading
INFO:werkzeug: * Restarting with stat
INFO:logger:
---------------------------------------------------------------
API v1.0 online: http://localhost:8080/projeto


WARNING:werkzeug: * Debugger is active!
INFO:werkzeug: * Debugger PIN: 822-405-388
INFO:werkzeug: * Detected change in '/Users/laura_barreto06/sgd-demo-2024-main/python/app/demo-api-sgd.py', reloading
INFO:werkzeug: * Restarting with stat
INFO:logger:
---------------------------------------------------------------
API v1.0 online: http://localhost:8080/projeto


WARNING:werkzeug: * Debugger is active!
INFO:werkzeug: * Debugger PIN: 822-405-388
INFO:werkzeug: * Detected change in '/Users/laura_barreto06/sgd-demo-2024-main/python/app/demo-api-sgd.py', reloading
INFO:werkzeug: * Restarting with stat
INFO:logger:
---------------------------------------------------------------
API v1.0 online: http://localhost:8080/projeto


WARNING:werkzeug: * Debugger is active!
INFO:werkzeug: * Debugger PIN: 822-405-388
INFO:werkzeug: * Detected change in '/Users/laura_barreto06/sgd-demo-2024-main/python/app/demo-api-sgd.py', reloading
INFO:werkzeug: * Restarting with stat
INFO:logger:
---------------------------------------------------------------
API v1.0 online: http://localhost:8080/projeto


WARNING:werkzeug: * Debugger is active!
INFO:werkzeug: * Debugger PIN: 822-405-388
INFO:werkzeug: * Detected change in '/Users/laura_barreto06/sgd-demo-2024-main/python/app/demo-api-sgd.py', reloading
INFO:werkzeug: * Restarting with stat
INFO:logger:
---------------------------------------------------------------
API v1.0 online: http://localhost:8080/projeto


WARNING:werkzeug: * Debugger is active!
INFO:werkzeug: * Debugger PIN: 822-405-388
INFO:werkzeug: * Detected change in '/Users/laura_barreto06/sgd-demo-2024-main/python/app/demo-api-sgd.py', reloading
INFO:werkzeug: * Restarting with stat
INFO:logger:
---------------------------------------------------------------
API v1.0 online: http://localhost:8080/projeto


WARNING:werkzeug: * Debugger is active!
INFO:werkzeug: * Debugger PIN: 822-405-388
INFO:werkzeug: * Detected change in '/Users/laura_barreto06/sgd-demo-2024-main/python/app/demo-api-sgd.py', reloading
INFO:werkzeug: * Restarting with stat
INFO:logger:
---------------------------------------------------------------
API v1.0 online: http://localhost:8080/projeto


WARNING:werkzeug: * Debugger is active!
INFO:werkzeug: * Debugger PIN: 822-405-388
INFO:werkzeug: * Detected change in '/Users/laura_barreto06/sgd-demo-2024-main/python/app/demo-api-sgd.py', reloading
INFO:werkzeug: * Restarting with stat
INFO:logger:
---------------------------------------------------------------
API v1.0 online: http://localhost:8080/projeto


INFO:werkzeug:[31m[1mWARNING: This is a development server. Do not use it in a production deployment. Use a production WSGI server instead.[0m
 * Running on all addresses (0.0.0.0)
 * Running on http://127.0.0.1:8080
 * Running on http://192.168.0.194:8080
INFO:werkzeug:[33mPress CTRL+C to quit[0m
INFO:werkzeug: * Restarting with stat
INFO:logger:
---------------------------------------------------------------
API v1.0 online: http://localhost:8080/projeto


WARNING:werkzeug: * Debugger is active!
INFO:werkzeug: * Debugger PIN: 822-405-388
INFO:logger:---- POST / 
INFO:logger:---- New booking ----
DEBUG:logger:res: {'status': 200, 'errors': None, 'results': 40}
INFO:werkzeug:127.0.0.1 - - [08/Dec/2024 22:54:11] "GET /book_flight HTTP/1.1" 200 -
INFO:logger:---- POST / 
ERROR:logger:Ticket not available!
INFO:werkzeug:127.0.0.1 - - [08/Dec/2024 22:54:32] "GET /book_flight HTTP/1.1" 200 -
INFO:logger:---- POST / schedule----
DEBUG:logger:req: {'date_time': '2024-01-30', 'flight_id': 12}
INFO:logger:---- New schedule  ----
DEBUG:logger:Batch inserting 56 tickets
DEBUG:logger:res: {'status': 200, 'errors': None, 'results': 41}
INFO:werkzeug:127.0.0.1 - - [08/Dec/2024 22:54:54] "POST /schedule HTTP/1.1" 200 -
INFO:logger:---- POST / schedule----
DEBUG:logger:req: {'date_time': '2024-09-12', 'flight_id': 12}
INFO:logger:---- New schedule  ----
DEBUG:logger:Batch inserting 56 tickets
DEBUG:logger:res: {'status': 200, 'errors': None, 'results': 42}
INFO:werkzeug:127.0.0.1 - - [08/Dec/2024 22:55:08] "POST /schedule HTTP/1.1" 200 -
INFO:logger:---- POST / schedule----
DEBUG:logger:req: {'date_time': '2024-10-24', 'flight_id': 10}
INFO:logger:---- New schedule  ----
DEBUG:logger:Batch inserting 260 tickets
DEBUG:logger:res: {'status': 200, 'errors': None, 'results': 43}
INFO:werkzeug:127.0.0.1 - - [08/Dec/2024 22:55:21] "POST /schedule HTTP/1.1" 200 -
INFO:logger:---- POST / 
ERROR:logger:The flight you're trying to book with the given schedule does not exist!
INFO:werkzeug:127.0.0.1 - - [08/Dec/2024 22:56:04] "GET /book_flight HTTP/1.1" 200 -
INFO:logger:---- POST / 
INFO:logger:---- New booking ----
DEBUG:logger:res: {'status': 200, 'errors': None, 'results': 43}
INFO:werkzeug:127.0.0.1 - - [08/Dec/2024 22:56:16] "GET /book_flight HTTP/1.1" 200 -
INFO:logger:---- POST / 
INFO:logger:---- New booking ----
DEBUG:logger:res: {'status': 200, 'errors': None, 'results': 43}
INFO:werkzeug:127.0.0.1 - - [08/Dec/2024 22:56:22] "GET /book_flight HTTP/1.1" 200 -
INFO:logger:---- POST / 
INFO:logger:---- New booking ----
DEBUG:logger:res: {'status': 200, 'errors': None, 'results': 43}
INFO:werkzeug:127.0.0.1 - - [08/Dec/2024 22:56:28] "GET /book_flight HTTP/1.1" 200 -
INFO:logger:---- POST / 
INFO:logger:---- New booking ----
DEBUG:logger:res: {'status': 200, 'errors': None, 'results': 43}
INFO:werkzeug:127.0.0.1 - - [08/Dec/2024 22:56:35] "GET /book_flight HTTP/1.1" 200 -
INFO:logger:---- POST / schedule----
DEBUG:logger:req: {'date_time': '2024-06-10', 'flight_id': 1}
INFO:logger:---- New schedule  ----
DEBUG:logger:Batch inserting 180 tickets
DEBUG:logger:res: {'status': 200, 'errors': None, 'results': 44}
INFO:werkzeug:127.0.0.1 - - [08/Dec/2024 22:57:48] "POST /schedule HTTP/1.1" 200 -
INFO:logger:---- POST / schedule----
DEBUG:logger:req: {'date_time': '2024-04-09', 'flight_id': 1}
INFO:logger:---- New schedule  ----
DEBUG:logger:Batch inserting 180 tickets
DEBUG:logger:res: {'status': 200, 'errors': None, 'results': 45}
INFO:werkzeug:127.0.0.1 - - [08/Dec/2024 22:57:57] "POST /schedule HTTP/1.1" 200 -
INFO:logger:---- POST / schedule----
DEBUG:logger:req: {'date_time': '2024-04-09', 'flight_id': 3}
INFO:logger:---- New schedule  ----
DEBUG:logger:Batch inserting 200 tickets
DEBUG:logger:res: {'status': 200, 'errors': None, 'results': 46}
INFO:werkzeug:127.0.0.1 - - [08/Dec/2024 22:58:02] "POST /schedule HTTP/1.1" 200 -
INFO:logger:---- POST / schedule----
DEBUG:logger:req: {'date_time': '2024-08-02', 'flight_id': 3}
INFO:logger:---- New schedule  ----
DEBUG:logger:Batch inserting 200 tickets
DEBUG:logger:res: {'status': 200, 'errors': None, 'results': 47}
INFO:werkzeug:127.0.0.1 - - [08/Dec/2024 22:58:11] "POST /schedule HTTP/1.1" 200 -
INFO:logger:---- POST / schedule----
DEBUG:logger:req: {'date_time': '2024-08-02', 'flight_id': 4}
INFO:logger:---- New schedule  ----
DEBUG:logger:Batch inserting 250 tickets
DEBUG:logger:res: {'status': 200, 'errors': None, 'results': 48}
INFO:werkzeug:127.0.0.1 - - [08/Dec/2024 22:58:14] "POST /schedule HTTP/1.1" 200 -
INFO:logger:---- POST / schedule----
DEBUG:logger:req: {'date_time': '2024-08-02', 'flight_id': 4}
ERROR:logger:There is already a flight with the same id on the given date!
INFO:werkzeug:127.0.0.1 - - [08/Dec/2024 22:58:16] "POST /schedule HTTP/1.1" 200 -
INFO:logger:---- POST / schedule----
DEBUG:logger:req: {'date_time': '2024-08-02', 'flight_id': 5}
INFO:logger:---- New schedule  ----
DEBUG:logger:Batch inserting 190 tickets
DEBUG:logger:res: {'status': 200, 'errors': None, 'results': 49}
INFO:werkzeug:127.0.0.1 - - [08/Dec/2024 22:58:23] "POST /schedule HTTP/1.1" 200 -
INFO:logger:---- POST / schedule----
DEBUG:logger:req: {'date_time': '2024-02-10', 'flight_id': 5}
INFO:logger:---- New schedule  ----
DEBUG:logger:Batch inserting 190 tickets
DEBUG:logger:res: {'status': 200, 'errors': None, 'results': 50}
INFO:werkzeug:127.0.0.1 - - [08/Dec/2024 22:58:31] "POST /schedule HTTP/1.1" 200 -
INFO:logger:---- POST / schedule----
DEBUG:logger:req: {'date_time': '2024-02-10', 'flight_id': 4}
INFO:logger:---- New schedule  ----
DEBUG:logger:Batch inserting 250 tickets
DEBUG:logger:res: {'status': 200, 'errors': None, 'results': 51}
INFO:werkzeug:127.0.0.1 - - [08/Dec/2024 22:58:34] "POST /schedule HTTP/1.1" 200 -
INFO:logger:---- POST / schedule----
DEBUG:logger:req: {'date_time': '2024-01-09', 'flight_id': 2}
INFO:logger:---- New schedule  ----
DEBUG:logger:Batch inserting 220 tickets
DEBUG:logger:res: {'status': 200, 'errors': None, 'results': 52}
INFO:werkzeug:127.0.0.1 - - [08/Dec/2024 22:58:44] "POST /schedule HTTP/1.1" 200 -
INFO:logger:---- POST / schedule----
DEBUG:logger:req: {'date_time': '2024-01-09', 'flight_id': 2}
ERROR:logger:There is already a flight with the same id on the given date!
INFO:werkzeug:127.0.0.1 - - [08/Dec/2024 22:58:45] "POST /schedule HTTP/1.1" 200 -
INFO:logger:---- POST / schedule----
DEBUG:logger:req: {'date_time': '2024-01-09', 'flight_id': 9}
INFO:logger:---- New schedule  ----
DEBUG:logger:Batch inserting 200 tickets
DEBUG:logger:res: {'status': 200, 'errors': None, 'results': 53}
INFO:werkzeug:127.0.0.1 - - [08/Dec/2024 22:58:50] "POST /schedule HTTP/1.1" 200 -
INFO:logger:---- POST / 
INFO:logger:---- New booking ----
DEBUG:logger:res: {'status': 200, 'errors': None, 'results': 45}
INFO:werkzeug:127.0.0.1 - - [08/Dec/2024 23:01:33] "GET /book_flight HTTP/1.1" 200 -
INFO:logger:---- POST / 
INFO:logger:---- New booking ----
DEBUG:logger:res: {'status': 200, 'errors': None, 'results': 45}
INFO:werkzeug:127.0.0.1 - - [08/Dec/2024 23:01:39] "GET /book_flight HTTP/1.1" 200 -
INFO:logger:---- POST / 
INFO:logger:---- New booking ----
DEBUG:logger:res: {'status': 200, 'errors': None, 'results': 45}
INFO:werkzeug:127.0.0.1 - - [08/Dec/2024 23:01:45] "GET /book_flight HTTP/1.1" 200 -
INFO:logger:---- POST / 
INFO:logger:---- New booking ----
DEBUG:logger:res: {'status': 200, 'errors': None, 'results': 45}
INFO:werkzeug:127.0.0.1 - - [08/Dec/2024 23:01:49] "GET /book_flight HTTP/1.1" 200 -
INFO:logger:---- POST / 
INFO:logger:---- New booking ----
DEBUG:logger:res: {'status': 200, 'errors': None, 'results': 45}
INFO:werkzeug:127.0.0.1 - - [08/Dec/2024 23:01:59] "GET /book_flight HTTP/1.1" 200 -
INFO:werkzeug: * Detected change in '/Users/laura_barreto06/sgd-demo-2024-main/python/app/demo-api-sgd.py', reloading
INFO:werkzeug: * Restarting with stat
INFO:logger:
---------------------------------------------------------------
API v1.0 online: http://localhost:8080/projeto


WARNING:werkzeug: * Debugger is active!
INFO:werkzeug: * Debugger PIN: 822-405-388
INFO:werkzeug: * Detected change in '/Users/laura_barreto06/sgd-demo-2024-main/python/app/demo-api-sgd.py', reloading
INFO:werkzeug: * Restarting with stat
INFO:logger:
---------------------------------------------------------------
API v1.0 online: http://localhost:8080/projeto


WARNING:werkzeug: * Debugger is active!
INFO:werkzeug: * Debugger PIN: 822-405-388
INFO:werkzeug: * Detected change in '/Users/laura_barreto06/sgd-demo-2024-main/python/app/demo-api-sgd.py', reloading
INFO:werkzeug: * Restarting with stat
INFO:logger:
---------------------------------------------------------------
API v1.0 online: http://localhost:8080/projeto


WARNING:werkzeug: * Debugger is active!
INFO:werkzeug: * Debugger PIN: 822-405-388
INFO:werkzeug: * Detected change in '/Users/laura_barreto06/sgd-demo-2024-main/python/app/demo-api-sgd.py', reloading
INFO:werkzeug: * Restarting with stat
INFO:logger:
---------------------------------------------------------------
API v1.0 online: http://localhost:8080/projeto


WARNING:werkzeug: * Debugger is active!
INFO:werkzeug: * Debugger PIN: 822-405-388
INFO:werkzeug: * Detected change in '/Users/laura_barreto06/sgd-demo-2024-main/python/app/demo-api-sgd.py', reloading
INFO:werkzeug: * Restarting with stat
INFO:logger:
---------------------------------------------------------------
API v1.0 online: http://localhost:8080/projeto


WARNING:werkzeug: * Debugger is active!
INFO:werkzeug: * Debugger PIN: 822-405-388
INFO:werkzeug: * Detected change in '/Users/laura_barreto06/sgd-demo-2024-main/python/app/demo-api-sgd.py', reloading
INFO:werkzeug: * Restarting with stat
INFO:logger:
---------------------------------------------------------------
API v1.0 online: http://localhost:8080/projeto


WARNING:werkzeug: * Debugger is active!
INFO:werkzeug: * Debugger PIN: 822-405-388
INFO:werkzeug: * Detected change in '/Users/laura_barreto06/sgd-demo-2024-main/python/app/demo-api-sgd.py', reloading
INFO:werkzeug: * Restarting with stat
INFO:logger:
---------------------------------------------------------------
API v1.0 online: http://localhost:8080/projeto


WARNING:werkzeug: * Debugger is active!
INFO:werkzeug: * Debugger PIN: 822-405-388
INFO:werkzeug: * Detected change in '/Users/laura_barreto06/sgd-demo-2024-main/python/app/demo-api-sgd.py', reloading
INFO:werkzeug: * Restarting with stat
INFO:logger:
---------------------------------------------------------------
API v1.0 online: http://localhost:8080/projeto


WARNING:werkzeug: * Debugger is active!
INFO:werkzeug: * Debugger PIN: 822-405-388
INFO:werkzeug: * Detected change in '/Users/laura_barreto06/sgd-demo-2024-main/python/app/demo-api-sgd.py', reloading
INFO:werkzeug: * Restarting with stat
INFO:logger:
---------------------------------------------------------------
API v1.0 online: http://localhost:8080/projeto


WARNING:werkzeug: * Debugger is active!
INFO:werkzeug: * Debugger PIN: 822-405-388
INFO:werkzeug: * Detected change in '/Users/laura_barreto06/sgd-demo-2024-main/python/app/demo-api-sgd.py', reloading
INFO:werkzeug: * Restarting with stat
INFO:logger:
---------------------------------------------------------------
API v1.0 online: http://localhost:8080/projeto


WARNING:werkzeug: * Debugger is active!
INFO:werkzeug: * Debugger PIN: 822-405-388
INFO:werkzeug: * Detected change in '/Users/laura_barreto06/sgd-demo-2024-main/python/app/demo-api-sgd.py', reloading
INFO:werkzeug: * Restarting with stat
INFO:logger:
---------------------------------------------------------------
API v1.0 online: http://localhost:8080/projeto


WARNING:werkzeug: * Debugger is active!
INFO:werkzeug: * Debugger PIN: 822-405-388
INFO:werkzeug: * Detected change in '/Users/laura_barreto06/sgd-demo-2024-main/python/app/demo-api-sgd.py', reloading
INFO:werkzeug: * Restarting with stat
INFO:logger:
---------------------------------------------------------------
API v1.0 online: http://localhost:8080/projeto


WARNING:werkzeug: * Debugger is active!
INFO:werkzeug: * Debugger PIN: 822-405-388
INFO:werkzeug: * Detected change in '/Users/laura_barreto06/sgd-demo-2024-main/python/app/demo-api-sgd.py', reloading
INFO:werkzeug: * Restarting with stat
INFO:logger:
---------------------------------------------------------------
API v1.0 online: http://localhost:8080/projeto


WARNING:werkzeug: * Debugger is active!
INFO:werkzeug: * Debugger PIN: 822-405-388
INFO:werkzeug: * Detected change in '/Users/laura_barreto06/sgd-demo-2024-main/python/app/demo-api-sgd.py', reloading
INFO:werkzeug: * Restarting with stat
INFO:logger:
---------------------------------------------------------------
API v1.0 online: http://localhost:8080/projeto


WARNING:werkzeug: * Debugger is active!
INFO:werkzeug: * Debugger PIN: 822-405-388
INFO:werkzeug: * Detected change in '/Users/laura_barreto06/sgd-demo-2024-main/python/app/demo-api-sgd.py', reloading
INFO:werkzeug: * Restarting with stat
INFO:logger:
---------------------------------------------------------------
API v1.0 online: http://localhost:8080/projeto


INFO:werkzeug:[31m[1mWARNING: This is a development server. Do not use it in a production deployment. Use a production WSGI server instead.[0m
 * Running on all addresses (0.0.0.0)
 * Running on http://127.0.0.1:8080
 * Running on http://192.168.0.194:8080
INFO:werkzeug:[33mPress CTRL+C to quit[0m
INFO:werkzeug: * Restarting with stat
INFO:logger:
---------------------------------------------------------------
API v1.0 online: http://localhost:8080/projeto


WARNING:werkzeug: * Debugger is active!
INFO:werkzeug: * Debugger PIN: 822-405-388
INFO:werkzeug:127.0.0.1 - - [08/Dec/2024 23:21:13] "[33mGET /topRoutes/2 HTTP/1.1[0m" 404 -
INFO:werkzeug: * Detected change in '/Users/laura_barreto06/sgd-demo-2024-main/python/app/demo-api-sgd.py', reloading
INFO:werkzeug: * Restarting with stat
INFO:logger:
---------------------------------------------------------------
API v1.0 online: http://localhost:8080/projeto


WARNING:werkzeug: * Debugger is active!
INFO:werkzeug: * Debugger PIN: 822-405-388
INFO:logger:
---------------------------------------------------------------
API v1.0 online: http://localhost:8080/projeto


INFO:werkzeug:[31m[1mWARNING: This is a development server. Do not use it in a production deployment. Use a production WSGI server instead.[0m
 * Running on all addresses (0.0.0.0)
 * Running on http://127.0.0.1:8080
 * Running on http://192.168.0.194:8080
INFO:werkzeug:[33mPress CTRL+C to quit[0m
INFO:werkzeug: * Restarting with stat
INFO:logger:
---------------------------------------------------------------
API v1.0 online: http://localhost:8080/projeto


WARNING:werkzeug: * Debugger is active!
INFO:werkzeug: * Debugger PIN: 822-405-388
INFO:werkzeug:127.0.0.1 - - [08/Dec/2024 23:22:00] "[33mGET /report/topRoutes/2 HTTP/1.1[0m" 404 -
INFO:werkzeug: * Detected change in '/Users/laura_barreto06/sgd-demo-2024-main/python/app/demo-api-sgd.py', reloading
INFO:werkzeug: * Restarting with stat
INFO:logger:
---------------------------------------------------------------
API v1.0 online: http://localhost:8080/projeto


WARNING:werkzeug: * Debugger is active!
INFO:werkzeug: * Debugger PIN: 822-405-388
ERROR:logger:column booking.ticket_id does not exist
LINE 4: ...      JOIN ticket_seat ON ticket_seat.ticket_id = booking.ti...
                                                             ^

DEBUG:logger:res: {'status': 500, 'errors': 'column booking.ticket_id does not exist\nLINE 4: ...      JOIN ticket_seat ON ticket_seat.ticket_id = booking.ti...\n                                                             ^\n', 'results': None}
INFO:werkzeug:127.0.0.1 - - [08/Dec/2024 23:22:11] "GET /report/topRoutes/2 HTTP/1.1" 200 -
INFO:werkzeug: * Detected change in '/Users/laura_barreto06/sgd-demo-2024-main/python/app/demo-api-sgd.py', reloading
INFO:werkzeug: * Restarting with stat
INFO:logger:
---------------------------------------------------------------
API v1.0 online: http://localhost:8080/projeto


WARNING:werkzeug: * Debugger is active!
INFO:werkzeug: * Debugger PIN: 822-405-388
INFO:werkzeug: * Detected change in '/Users/laura_barreto06/sgd-demo-2024-main/python/app/demo-api-sgd.py', reloading
INFO:werkzeug: * Restarting with stat
INFO:logger:
---------------------------------------------------------------
API v1.0 online: http://localhost:8080/projeto


WARNING:werkzeug: * Debugger is active!
INFO:werkzeug: * Debugger PIN: 822-405-388
INFO:werkzeug: * Detected change in '/Users/laura_barreto06/sgd-demo-2024-main/python/app/demo-api-sgd.py', reloading
INFO:werkzeug: * Restarting with stat
INFO:logger:
---------------------------------------------------------------
API v1.0 online: http://localhost:8080/projeto


WARNING:werkzeug: * Debugger is active!
INFO:werkzeug: * Debugger PIN: 822-405-388
INFO:logger:---- Top N destinations ----
DEBUG:logger:res: {'status': 200, 'errors': None, 'results': [{'flight id': 1, 'number_passengers': 5}, {'flight id': 10, 'number_passengers': 4}]}
INFO:werkzeug:127.0.0.1 - - [08/Dec/2024 23:22:40] "GET /report/topRoutes/2 HTTP/1.1" 200 -
INFO:logger:---- Top N destinations ----
DEBUG:logger:res: {'status': 200, 'errors': None, 'results': [{'flight id': 1, 'number_passengers': 5}, {'flight id': 10, 'number_passengers': 4}, {'flight id': 11, 'number_passengers': 2}]}
INFO:werkzeug:127.0.0.1 - - [08/Dec/2024 23:24:18] "GET /report/topRoutes/3 HTTP/1.1" 200 -
INFO:logger:---- Top N destinations ----
DEBUG:logger:res: {'status': 200, 'errors': None, 'results': [{'flight id': 1, 'number_passengers': 5}]}
INFO:werkzeug:127.0.0.1 - - [08/Dec/2024 23:24:23] "GET /report/topRoutes/1 HTTP/1.1" 200 -
INFO:logger:---- Top N destinations ----
DEBUG:logger:res: {'status': 200, 'errors': None, 'results': [{'flight id': 1, 'number_passengers': 5}, {'flight id': 10, 'number_passengers': 4}]}
INFO:werkzeug:127.0.0.1 - - [08/Dec/2024 23:24:28] "GET /report/topRoutes/2 HTTP/1.1" 200 -
INFO:werkzeug: * Detected change in '/Users/laura_barreto06/sgd-demo-2024-main/python/app/demo-api-sgd.py', reloading
INFO:werkzeug: * Restarting with stat
INFO:logger:
---------------------------------------------------------------
API v1.0 online: http://localhost:8080/projeto


WARNING:werkzeug: * Debugger is active!
INFO:werkzeug: * Debugger PIN: 822-405-388
INFO:werkzeug: * Detected change in '/Users/laura_barreto06/sgd-demo-2024-main/python/app/demo-api-sgd.py', reloading
INFO:werkzeug: * Restarting with stat
INFO:logger:
---------------------------------------------------------------
API v1.0 online: http://localhost:8080/projeto


WARNING:werkzeug: * Debugger is active!
INFO:werkzeug: * Debugger PIN: 822-405-388
INFO:werkzeug: * Detected change in '/Users/laura_barreto06/sgd-demo-2024-main/python/app/demo-api-sgd.py', reloading
INFO:werkzeug: * Restarting with stat
INFO:logger:
---------------------------------------------------------------
API v1.0 online: http://localhost:8080/projeto


WARNING:werkzeug: * Debugger is active!
INFO:werkzeug: * Debugger PIN: 822-405-388
INFO:logger:
---------------------------------------------------------------
API v1.0 online: http://localhost:8080/projeto


INFO:werkzeug:[31m[1mWARNING: This is a development server. Do not use it in a production deployment. Use a production WSGI server instead.[0m
 * Running on all addresses (0.0.0.0)
 * Running on http://127.0.0.1:8080
 * Running on http://192.168.0.194:8080
INFO:werkzeug:[33mPress CTRL+C to quit[0m
INFO:werkzeug: * Restarting with stat
INFO:logger:
---------------------------------------------------------------
API v1.0 online: http://localhost:8080/projeto


WARNING:werkzeug: * Debugger is active!
INFO:werkzeug: * Debugger PIN: 822-405-388
INFO:logger:---- Top N destinations ----
DEBUG:logger:res: {'status': 200, 'errors': None, 'results': [{'month': '2024-01', 'flight id': 2, 'number_passengers': 220}, {'month': '2024-01', 'flight id': 9, 'number_passengers': 200}, {'month': '2024-02', 'flight id': 4, 'number_passengers': 250}, {'month': '2024-02', 'flight id': 5, 'number_passengers': 190}, {'month': '2024-04', 'flight id': 3, 'number_passengers': 200}, {'month': '2024-04', 'flight id': 1, 'number_passengers': 180}, {'month': '2024-06', 'flight id': 1, 'number_passengers': 180}, {'month': '2024-08', 'flight id': 4, 'number_passengers': 250}, {'month': '2024-08', 'flight id': 3, 'number_passengers': 200}, {'month': '2024-09', 'flight id': 12, 'number_passengers': 56}, {'month': '2024-10', 'flight id': 10, 'number_passengers': 260}, {'month': '2024-10', 'flight id': 11, 'number_passengers': 100}]}
INFO:werkzeug:127.0.0.1 - - [09/Dec/2024 00:06:17] "GET /report/topRoutes/2 HTTP/1.1" 200 -
INFO:werkzeug: * Detected change in '/Users/laura_barreto06/sgd-demo-2024-main/python/app/demo-api-sgd.py', reloading
INFO:werkzeug: * Restarting with stat
INFO:logger:
---------------------------------------------------------------
API v1.0 online: http://localhost:8080/projeto


INFO:werkzeug:[31m[1mWARNING: This is a development server. Do not use it in a production deployment. Use a production WSGI server instead.[0m
 * Running on all addresses (0.0.0.0)
 * Running on http://127.0.0.1:8080
 * Running on http://192.168.0.194:8080
INFO:werkzeug:[33mPress CTRL+C to quit[0m
INFO:werkzeug: * Restarting with stat
INFO:logger:
---------------------------------------------------------------
API v1.0 online: http://localhost:8080/projeto


WARNING:werkzeug: * Debugger is active!
INFO:werkzeug: * Debugger PIN: 822-405-388
INFO:logger:---- Top N destinations ----
DEBUG:logger:res: {'status': 200, 'errors': None, 'results': ['month', 'topN', 'month', 'topN']}
INFO:werkzeug:127.0.0.1 - - [09/Dec/2024 01:07:38] "GET /report/topRoutes/2 HTTP/1.1" 200 -
INFO:werkzeug: * Detected change in '/Users/laura_barreto06/sgd-demo-2024-main/python/app/demo-api-sgd.py', reloading
INFO:werkzeug: * Restarting with stat
INFO:logger:
---------------------------------------------------------------
API v1.0 online: http://localhost:8080/projeto


INFO:werkzeug:[31m[1mWARNING: This is a development server. Do not use it in a production deployment. Use a production WSGI server instead.[0m
 * Running on all addresses (0.0.0.0)
 * Running on http://127.0.0.1:8080
 * Running on http://192.168.0.194:8080
INFO:werkzeug:[33mPress CTRL+C to quit[0m
INFO:werkzeug: * Restarting with stat
INFO:logger:
---------------------------------------------------------------
API v1.0 online: http://localhost:8080/projeto


WARNING:werkzeug: * Debugger is active!
INFO:werkzeug: * Debugger PIN: 822-405-388
INFO:werkzeug: * Detected change in '/Users/laura_barreto06/sgd-demo-2024-main/python/app/demo-api-sgd.py', reloading
INFO:werkzeug: * Restarting with stat
INFO:logger:
---------------------------------------------------------------
API v1.0 online: http://localhost:8080/projeto


INFO:werkzeug:[31m[1mWARNING: This is a development server. Do not use it in a production deployment. Use a production WSGI server instead.[0m
 * Running on all addresses (0.0.0.0)
 * Running on http://127.0.0.1:8080
 * Running on http://192.168.0.194:8080
INFO:werkzeug:[33mPress CTRL+C to quit[0m
INFO:werkzeug: * Restarting with stat
INFO:logger:
---------------------------------------------------------------
API v1.0 online: http://localhost:8080/projeto


WARNING:werkzeug: * Debugger is active!
INFO:werkzeug: * Debugger PIN: 822-405-388
INFO:logger:---- Top N destinations ----
DEBUG:logger:res: {'status': 200, 'errors': None, 'results': [{'month': '2024-04', 'topN': [{'flight_id': 1, 'total_passengers': 5}, {'flight_id': 11, 'total_passengers': 2}]}]}
INFO:werkzeug:127.0.0.1 - - [09/Dec/2024 01:12:54] "GET /report/topRoutes/2 HTTP/1.1" 200 -
INFO:werkzeug: * Detected change in '/Users/laura_barreto06/sgd-demo-2024-main/python/app/demo-api-sgd.py', reloading
INFO:werkzeug: * Restarting with stat
INFO:logger:
---------------------------------------------------------------
API v1.0 online: http://localhost:8080/projeto


WARNING:werkzeug: * Debugger is active!
INFO:werkzeug: * Debugger PIN: 822-405-388
INFO:werkzeug: * Detected change in '/Users/laura_barreto06/sgd-demo-2024-main/python/app/demo-api-sgd.py', reloading
INFO:werkzeug: * Restarting with stat
INFO:logger:
---------------------------------------------------------------
API v1.0 online: http://localhost:8080/projeto


WARNING:werkzeug: * Debugger is active!
INFO:werkzeug: * Debugger PIN: 822-405-388
INFO:werkzeug: * Detected change in '/Users/laura_barreto06/sgd-demo-2024-main/python/app/demo-api-sgd.py', reloading
INFO:werkzeug: * Restarting with stat
INFO:logger:
---------------------------------------------------------------
API v1.0 online: http://localhost:8080/projeto


WARNING:werkzeug: * Debugger is active!
INFO:werkzeug: * Debugger PIN: 822-405-388
INFO:werkzeug: * Detected change in '/Users/laura_barreto06/sgd-demo-2024-main/python/app/demo-api-sgd.py', reloading
INFO:werkzeug: * Restarting with stat
INFO:logger:
---------------------------------------------------------------
API v1.0 online: http://localhost:8080/projeto


WARNING:werkzeug: * Debugger is active!
INFO:werkzeug: * Debugger PIN: 822-405-388
INFO:werkzeug: * Detected change in '/Users/laura_barreto06/sgd-demo-2024-main/python/app/demo-api-sgd.py', reloading
INFO:werkzeug: * Restarting with stat
INFO:logger:
---------------------------------------------------------------
API v1.0 online: http://localhost:8080/projeto


WARNING:werkzeug: * Debugger is active!
INFO:werkzeug: * Debugger PIN: 822-405-388
INFO:logger:
---------------------------------------------------------------
API v1.0 online: http://localhost:8080/projeto


INFO:werkzeug:[31m[1mWARNING: This is a development server. Do not use it in a production deployment. Use a production WSGI server instead.[0m
 * Running on all addresses (0.0.0.0)
 * Running on http://127.0.0.1:8080
 * Running on http://192.168.0.194:8080
INFO:werkzeug:[33mPress CTRL+C to quit[0m
INFO:werkzeug: * Restarting with stat
INFO:logger:
---------------------------------------------------------------
API v1.0 online: http://localhost:8080/projeto


WARNING:werkzeug: * Debugger is active!
INFO:werkzeug: * Debugger PIN: 822-405-388
INFO:logger:---- Top N destinations ----
DEBUG:logger:res: {'status': 200, 'errors': None, 'results': [{'month': '2024-04', 'topN': [{'flight_id': 1, 'total_passengers': 5}, {'flight_id': 11, 'total_passengers': 2}]}]}
INFO:werkzeug:127.0.0.1 - - [09/Dec/2024 01:14:02] "GET /report/topRoutes/2 HTTP/1.1" 200 -
INFO:werkzeug: * Detected change in '/Users/laura_barreto06/sgd-demo-2024-main/python/app/demo-api-sgd.py', reloading
INFO:werkzeug: * Restarting with stat
INFO:logger:
---------------------------------------------------------------
API v1.0 online: http://localhost:8080/projeto


WARNING:werkzeug: * Debugger is active!
INFO:werkzeug: * Debugger PIN: 822-405-388
INFO:werkzeug: * Detected change in '/Users/laura_barreto06/sgd-demo-2024-main/python/app/demo-api-sgd.py', reloading
INFO:werkzeug: * Restarting with stat
INFO:logger:
---------------------------------------------------------------
API v1.0 online: http://localhost:8080/projeto


WARNING:werkzeug: * Debugger is active!
INFO:werkzeug: * Debugger PIN: 822-405-388
INFO:werkzeug: * Detected change in '/Users/laura_barreto06/sgd-demo-2024-main/python/app/demo-api-sgd.py', reloading
INFO:werkzeug: * Restarting with stat
INFO:logger:
---------------------------------------------------------------
API v1.0 online: http://localhost:8080/projeto


INFO:werkzeug:[31m[1mWARNING: This is a development server. Do not use it in a production deployment. Use a production WSGI server instead.[0m
 * Running on all addresses (0.0.0.0)
 * Running on http://127.0.0.1:8080
 * Running on http://192.168.0.194:8080
INFO:werkzeug:[33mPress CTRL+C to quit[0m
INFO:werkzeug: * Restarting with stat
INFO:logger:
---------------------------------------------------------------
API v1.0 online: http://localhost:8080/projeto


WARNING:werkzeug: * Debugger is active!
INFO:werkzeug: * Debugger PIN: 822-405-388
INFO:logger:---- Top N destinations ----
DEBUG:logger:res: {'status': 200, 'errors': None, 'results': [{'month': '2024-04', 'topN': [{'flight_id': 1, 'total_passengers': 5}]}]}
INFO:werkzeug:127.0.0.1 - - [09/Dec/2024 01:15:10] "GET /report/topRoutes/2 HTTP/1.1" 200 -
INFO:werkzeug: * Detected change in '/Users/laura_barreto06/sgd-demo-2024-main/python/app/demo-api-sgd.py', reloading
INFO:werkzeug: * Restarting with stat
INFO:logger:
---------------------------------------------------------------
API v1.0 online: http://localhost:8080/projeto


INFO:werkzeug:[31m[1mWARNING: This is a development server. Do not use it in a production deployment. Use a production WSGI server instead.[0m
 * Running on all addresses (0.0.0.0)
 * Running on http://127.0.0.1:8080
 * Running on http://192.168.0.194:8080
INFO:werkzeug:[33mPress CTRL+C to quit[0m
INFO:werkzeug: * Restarting with stat
INFO:logger:
---------------------------------------------------------------
API v1.0 online: http://localhost:8080/projeto


WARNING:werkzeug: * Debugger is active!
INFO:werkzeug: * Debugger PIN: 822-405-388
INFO:logger:---- Top N destinations ----
DEBUG:logger:res: {'status': 200, 'errors': None, 'results': [{'month': '2024-04', 'topN': [{'flight_id': 1, 'total_passengers': 5}, {'flight_id': 11, 'total_passengers': 2}]}]}
INFO:werkzeug:127.0.0.1 - - [09/Dec/2024 01:16:00] "GET /report/topRoutes/2 HTTP/1.1" 200 -
INFO:werkzeug: * Detected change in '/Users/laura_barreto06/sgd-demo-2024-main/python/app/demo-api-sgd.py', reloading
INFO:werkzeug: * Restarting with stat
INFO:logger:
---------------------------------------------------------------
API v1.0 online: http://localhost:8080/projeto


WARNING:werkzeug: * Debugger is active!
INFO:werkzeug: * Debugger PIN: 822-405-388
INFO:werkzeug: * Detected change in '/Users/laura_barreto06/sgd-demo-2024-main/python/app/demo-api-sgd.py', reloading
INFO:werkzeug: * Restarting with stat
INFO:logger:
---------------------------------------------------------------
API v1.0 online: http://localhost:8080/projeto


WARNING:werkzeug: * Debugger is active!
INFO:werkzeug: * Debugger PIN: 822-405-388
INFO:logger:
---------------------------------------------------------------
API v1.0 online: http://localhost:8080/projeto


INFO:werkzeug:[31m[1mWARNING: This is a development server. Do not use it in a production deployment. Use a production WSGI server instead.[0m
 * Running on all addresses (0.0.0.0)
 * Running on http://127.0.0.1:8080
 * Running on http://192.168.0.194:8080
INFO:werkzeug:[33mPress CTRL+C to quit[0m
INFO:werkzeug: * Restarting with stat
INFO:logger:
---------------------------------------------------------------
API v1.0 online: http://localhost:8080/projeto


WARNING:werkzeug: * Debugger is active!
INFO:werkzeug: * Debugger PIN: 822-405-388
INFO:logger:---- Top N destinations ----
DEBUG:logger:res: {'status': 200, 'errors': None, 'results': [{'month': '2024-04', 'topN': [{'flight_id': 1, 'total_passengers': 5}]}]}
INFO:werkzeug:127.0.0.1 - - [09/Dec/2024 01:17:34] "GET /report/topRoutes/2 HTTP/1.1" 200 -
INFO:werkzeug: * Detected change in '/Users/laura_barreto06/sgd-demo-2024-main/python/app/demo-api-sgd.py', reloading
INFO:werkzeug: * Restarting with stat
INFO:logger:
---------------------------------------------------------------
API v1.0 online: http://localhost:8080/projeto


WARNING:werkzeug: * Debugger is active!
INFO:werkzeug: * Debugger PIN: 822-405-388
INFO:logger:
---------------------------------------------------------------
API v1.0 online: http://localhost:8080/projeto


INFO:werkzeug:[31m[1mWARNING: This is a development server. Do not use it in a production deployment. Use a production WSGI server instead.[0m
 * Running on all addresses (0.0.0.0)
 * Running on http://127.0.0.1:8080
 * Running on http://192.168.0.194:8080
INFO:werkzeug:[33mPress CTRL+C to quit[0m
INFO:werkzeug: * Restarting with stat
INFO:logger:
---------------------------------------------------------------
API v1.0 online: http://localhost:8080/projeto


WARNING:werkzeug: * Debugger is active!
INFO:werkzeug: * Debugger PIN: 822-405-388
INFO:logger:---- Top N destinations ----
DEBUG:logger:res: {'status': 200, 'errors': None, 'results': [{'month': '2024-04', 'topN': [{'flight_id': 1, 'total_passengers': 5}, {'flight_id': 11, 'total_passengers': 2}]}]}
INFO:werkzeug:127.0.0.1 - - [09/Dec/2024 01:19:11] "GET /report/topRoutes/2 HTTP/1.1" 200 -
INFO:werkzeug: * Detected change in '/Users/laura_barreto06/sgd-demo-2024-main/python/app/demo-api-sgd.py', reloading
INFO:werkzeug: * Restarting with stat
INFO:logger:
---------------------------------------------------------------
API v1.0 online: http://localhost:8080/projeto


WARNING:werkzeug: * Debugger is active!
INFO:werkzeug: * Debugger PIN: 822-405-388
INFO:werkzeug: * Detected change in '/Users/laura_barreto06/sgd-demo-2024-main/python/app/demo-api-sgd.py', reloading
INFO:werkzeug: * Restarting with stat
INFO:logger:
---------------------------------------------------------------
API v1.0 online: http://localhost:8080/projeto


WARNING:werkzeug: * Debugger is active!
INFO:werkzeug: * Debugger PIN: 822-405-388
INFO:werkzeug: * Detected change in '/Users/laura_barreto06/sgd-demo-2024-main/python/app/demo-api-sgd.py', reloading
INFO:werkzeug: * Restarting with stat
INFO:logger:
---------------------------------------------------------------
API v1.0 online: http://localhost:8080/projeto


WARNING:werkzeug: * Debugger is active!
INFO:werkzeug: * Debugger PIN: 822-405-388
INFO:werkzeug: * Detected change in '/Users/laura_barreto06/sgd-demo-2024-main/python/app/demo-api-sgd.py', reloading
INFO:werkzeug: * Restarting with stat
INFO:logger:
---------------------------------------------------------------
API v1.0 online: http://localhost:8080/projeto


WARNING:werkzeug: * Debugger is active!
INFO:werkzeug: * Debugger PIN: 822-405-388
INFO:werkzeug: * Detected change in '/Users/laura_barreto06/sgd-demo-2024-main/python/app/demo-api-sgd.py', reloading
INFO:werkzeug: * Restarting with stat
INFO:logger:
---------------------------------------------------------------
API v1.0 online: http://localhost:8080/projeto


INFO:werkzeug:[31m[1mWARNING: This is a development server. Do not use it in a production deployment. Use a production WSGI server instead.[0m
 * Running on all addresses (0.0.0.0)
 * Running on http://127.0.0.1:8080
 * Running on http://192.168.0.194:8080
INFO:werkzeug:[33mPress CTRL+C to quit[0m
INFO:werkzeug: * Restarting with stat
INFO:logger:
---------------------------------------------------------------
API v1.0 online: http://localhost:8080/projeto


WARNING:werkzeug: * Debugger is active!
INFO:werkzeug: * Debugger PIN: 822-405-388
INFO:logger:---- Top N destinations ----
DEBUG:logger:res: {'status': 200, 'errors': None, 'results': [{'month': '2024-04', 'topN': [{'flight_id': 1, 'total_passengers': 5}]}]}
INFO:werkzeug:127.0.0.1 - - [09/Dec/2024 01:20:59] "GET /report/topRoutes/2 HTTP/1.1" 200 -
INFO:werkzeug: * Detected change in '/Users/laura_barreto06/sgd-demo-2024-main/python/app/demo-api-sgd.py', reloading
INFO:werkzeug: * Restarting with stat
INFO:logger:
---------------------------------------------------------------
API v1.0 online: http://localhost:8080/projeto


WARNING:werkzeug: * Debugger is active!
INFO:werkzeug: * Debugger PIN: 822-405-388
INFO:werkzeug: * Detected change in '/Users/laura_barreto06/sgd-demo-2024-main/python/app/demo-api-sgd.py', reloading
INFO:werkzeug: * Restarting with stat
INFO:logger:
---------------------------------------------------------------
API v1.0 online: http://localhost:8080/projeto


WARNING:werkzeug: * Debugger is active!
INFO:werkzeug: * Debugger PIN: 822-405-388
INFO:werkzeug: * Detected change in '/Users/laura_barreto06/sgd-demo-2024-main/python/app/demo-api-sgd.py', reloading
INFO:werkzeug: * Restarting with stat
INFO:logger:
---------------------------------------------------------------
API v1.0 online: http://localhost:8080/projeto


WARNING:werkzeug: * Debugger is active!
INFO:werkzeug: * Debugger PIN: 822-405-388
INFO:logger:
---------------------------------------------------------------
API v1.0 online: http://localhost:8080/projeto


INFO:werkzeug:[31m[1mWARNING: This is a development server. Do not use it in a production deployment. Use a production WSGI server instead.[0m
 * Running on all addresses (0.0.0.0)
 * Running on http://127.0.0.1:8080
 * Running on http://192.168.0.194:8080
INFO:werkzeug:[33mPress CTRL+C to quit[0m
INFO:werkzeug: * Restarting with stat
INFO:logger:
---------------------------------------------------------------
API v1.0 online: http://localhost:8080/projeto


WARNING:werkzeug: * Debugger is active!
INFO:werkzeug: * Debugger PIN: 822-405-388
INFO:logger:---- Top N destinations ----
DEBUG:logger:res: {'status': 200, 'errors': None, 'results': [{'month': '2024-04', 'topN': [{'flight_id': 1, 'total_passengers': 5}]}]}
INFO:werkzeug:127.0.0.1 - - [09/Dec/2024 01:23:49] "GET /report/topRoutes/2 HTTP/1.1" 200 -
INFO:werkzeug: * Detected change in '/Users/laura_barreto06/sgd-demo-2024-main/python/app/demo-api-sgd.py', reloading
INFO:werkzeug: * Restarting with stat
INFO:logger:
---------------------------------------------------------------
API v1.0 online: http://localhost:8080/projeto


WARNING:werkzeug: * Debugger is active!
INFO:werkzeug: * Debugger PIN: 822-405-388
INFO:werkzeug: * Detected change in '/Users/laura_barreto06/sgd-demo-2024-main/python/app/demo-api-sgd.py', reloading
INFO:werkzeug: * Restarting with stat
INFO:logger:
---------------------------------------------------------------
API v1.0 online: http://localhost:8080/projeto


WARNING:werkzeug: * Debugger is active!
INFO:werkzeug: * Debugger PIN: 822-405-388
INFO:logger:
---------------------------------------------------------------
API v1.0 online: http://localhost:8080/projeto


INFO:werkzeug:[31m[1mWARNING: This is a development server. Do not use it in a production deployment. Use a production WSGI server instead.[0m
 * Running on all addresses (0.0.0.0)
 * Running on http://127.0.0.1:8080
 * Running on http://192.168.0.194:8080
INFO:werkzeug:[33mPress CTRL+C to quit[0m
INFO:werkzeug: * Restarting with stat
INFO:logger:
---------------------------------------------------------------
API v1.0 online: http://localhost:8080/projeto


WARNING:werkzeug: * Debugger is active!
INFO:werkzeug: * Debugger PIN: 822-405-388
INFO:logger:---- Top N destinations ----
DEBUG:logger:res: {'status': 200, 'errors': None, 'results': [{'month': '2024-04', 'topN': [{'flight_id': 1, 'total_passengers': 5}]}]}
INFO:werkzeug:127.0.0.1 - - [09/Dec/2024 01:29:09] "GET /report/topRoutes/2 HTTP/1.1" 200 -
INFO:logger:
---------------------------------------------------------------
API v1.0 online: http://localhost:8080/projeto


INFO:werkzeug:[31m[1mWARNING: This is a development server. Do not use it in a production deployment. Use a production WSGI server instead.[0m
 * Running on all addresses (0.0.0.0)
 * Running on http://127.0.0.1:8080
 * Running on http://192.168.0.194:8080
INFO:werkzeug:[33mPress CTRL+C to quit[0m
INFO:werkzeug: * Restarting with stat
INFO:logger:
---------------------------------------------------------------
API v1.0 online: http://localhost:8080/projeto


WARNING:werkzeug: * Debugger is active!
INFO:werkzeug: * Debugger PIN: 822-405-388
INFO:logger:---- Top N destinations ----
DEBUG:logger:res: {'status': 200, 'errors': None, 'results': [{'month': '2024-04', 'topN': [{'flight_id': 1, 'total_passengers': 5}]}]}
INFO:werkzeug:127.0.0.1 - - [09/Dec/2024 01:29:24] "GET /report/topRoutes/2 HTTP/1.1" 200 -
INFO:werkzeug: * Detected change in '/Users/laura_barreto06/sgd-demo-2024-main/python/app/demo-api-sgd.py', reloading
INFO:werkzeug: * Restarting with stat
INFO:logger:
---------------------------------------------------------------
API v1.0 online: http://localhost:8080/projeto


WARNING:werkzeug: * Debugger is active!
INFO:werkzeug: * Debugger PIN: 822-405-388
INFO:werkzeug: * Detected change in '/Users/laura_barreto06/sgd-demo-2024-main/python/app/demo-api-sgd.py', reloading
INFO:werkzeug: * Restarting with stat
INFO:logger:
---------------------------------------------------------------
API v1.0 online: http://localhost:8080/projeto


WARNING:werkzeug: * Debugger is active!
INFO:werkzeug: * Debugger PIN: 822-405-388
INFO:werkzeug: * Detected change in '/Users/laura_barreto06/sgd-demo-2024-main/python/app/demo-api-sgd.py', reloading
INFO:werkzeug: * Restarting with stat
INFO:logger:
---------------------------------------------------------------
API v1.0 online: http://localhost:8080/projeto


WARNING:werkzeug: * Debugger is active!
INFO:werkzeug: * Debugger PIN: 822-405-388
INFO:werkzeug: * Detected change in '/Users/laura_barreto06/sgd-demo-2024-main/python/app/demo-api-sgd.py', reloading
INFO:werkzeug: * Restarting with stat
INFO:logger:
---------------------------------------------------------------
API v1.0 online: http://localhost:8080/projeto


INFO:werkzeug:[31m[1mWARNING: This is a development server. Do not use it in a production deployment. Use a production WSGI server instead.[0m
 * Running on all addresses (0.0.0.0)
 * Running on http://127.0.0.1:8080
 * Running on http://192.168.0.194:8080
INFO:werkzeug:[33mPress CTRL+C to quit[0m
INFO:werkzeug: * Restarting with stat
INFO:logger:
---------------------------------------------------------------
API v1.0 online: http://localhost:8080/projeto


WARNING:werkzeug: * Debugger is active!
INFO:werkzeug: * Debugger PIN: 822-405-388
INFO:logger:---- Top N destinations ----
DEBUG:logger:res: {'status': 200, 'errors': None, 'results': [{'month': '2024-04', 'topN': [{'flight_id': 1, 'total_passengers': 5}]}, {'month': '2024-10', 'topN': [{'flight_id': 10, 'total_passengers': 4}, {'flight_id': 11, 'total_passengers': 2}]}]}
INFO:werkzeug:127.0.0.1 - - [09/Dec/2024 01:31:20] "GET /report/topRoutes/2 HTTP/1.1" 200 -
INFO:logger:---- POST / schedule----
DEBUG:logger:req: {'date_time': '2024-01-19', 'flight_id': 53}
ERROR:logger:Flight id does not exist!
INFO:werkzeug:127.0.0.1 - - [09/Dec/2024 01:34:55] "POST /schedule HTTP/1.1" 200 -
INFO:logger:---- POST / schedule----
DEBUG:logger:req: {'date_time': '2024-01-19', 'flight_id': 9}
INFO:logger:---- New schedule  ----
DEBUG:logger:Batch inserting 200 tickets
DEBUG:logger:res: {'status': 200, 'errors': None, 'results': 54}
INFO:werkzeug:127.0.0.1 - - [09/Dec/2024 01:35:07] "POST /schedule HTTP/1.1" 200 -
INFO:logger:---- POST / schedule----
DEBUG:logger:req: {'date_time': '2024-01-21', 'flight_id': 9}
INFO:logger:---- New schedule  ----
DEBUG:logger:Batch inserting 200 tickets
DEBUG:logger:res: {'status': 200, 'errors': None, 'results': 55}
INFO:werkzeug:127.0.0.1 - - [09/Dec/2024 01:35:15] "POST /schedule HTTP/1.1" 200 -
INFO:logger:---- POST / schedule----
DEBUG:logger:req: {'date_time': '2024-01-22', 'flight_id': 10}
INFO:logger:---- New schedule  ----
DEBUG:logger:Batch inserting 260 tickets
DEBUG:logger:res: {'status': 200, 'errors': None, 'results': 56}
INFO:werkzeug:127.0.0.1 - - [09/Dec/2024 01:35:27] "POST /schedule HTTP/1.1" 200 -
INFO:logger:---- POST / schedule----
DEBUG:logger:req: {'date_time': '2024-01-25', 'flight_id': 8}
INFO:logger:---- New schedule  ----
DEBUG:logger:Batch inserting 210 tickets
DEBUG:logger:res: {'status': 200, 'errors': None, 'results': 57}
INFO:werkzeug:127.0.0.1 - - [09/Dec/2024 01:35:36] "POST /schedule HTTP/1.1" 200 -
INFO:logger:---- POST / schedule----
DEBUG:logger:req: {'date_time': '2024-01-20', 'flight_id': 8}
INFO:logger:---- New schedule  ----
DEBUG:logger:Batch inserting 210 tickets
DEBUG:logger:res: {'status': 200, 'errors': None, 'results': 58}
INFO:werkzeug:127.0.0.1 - - [09/Dec/2024 01:35:42] "POST /schedule HTTP/1.1" 200 -
INFO:logger:---- POST / schedule----
DEBUG:logger:req: {'date_time': '2024-01-19', 'flight_id': 9}
ERROR:logger:There is already a flight with the same id on the given date!
INFO:werkzeug:127.0.0.1 - - [09/Dec/2024 01:35:57] "POST /schedule HTTP/1.1" 200 -
INFO:logger:---- POST / schedule----
DEBUG:logger:req: {'date_time': '2024-01-29', 'flight_id': 9}
INFO:logger:---- New schedule  ----
DEBUG:logger:Batch inserting 200 tickets
DEBUG:logger:res: {'status': 200, 'errors': None, 'results': 59}
INFO:werkzeug:127.0.0.1 - - [09/Dec/2024 01:36:02] "POST /schedule HTTP/1.1" 200 -
INFO:logger:---- POST / schedule----
DEBUG:logger:req: {'date_time': '2024-02-01', 'flight_id': 2}
INFO:logger:---- New schedule  ----
DEBUG:logger:Batch inserting 220 tickets
DEBUG:logger:res: {'status': 200, 'errors': None, 'results': 60}
INFO:werkzeug:127.0.0.1 - - [09/Dec/2024 01:36:22] "POST /schedule HTTP/1.1" 200 -
INFO:logger:---- POST / schedule----
DEBUG:logger:req: {'date_time': '2024-02-04', 'flight_id': 2}
INFO:logger:---- New schedule  ----
DEBUG:logger:Batch inserting 220 tickets
DEBUG:logger:res: {'status': 200, 'errors': None, 'results': 61}
INFO:werkzeug:127.0.0.1 - - [09/Dec/2024 01:36:28] "POST /schedule HTTP/1.1" 200 -
INFO:logger:---- POST / schedule----
DEBUG:logger:req: {'date_time': '2024-02-01', 'flight_id': 4}
INFO:logger:---- New schedule  ----
DEBUG:logger:Batch inserting 250 tickets
DEBUG:logger:res: {'status': 200, 'errors': None, 'results': 62}
INFO:werkzeug:127.0.0.1 - - [09/Dec/2024 01:36:35] "POST /schedule HTTP/1.1" 200 -
INFO:logger:---- POST / schedule----
DEBUG:logger:req: {'date_time': '2024-03-04', 'flight_id': 6}
INFO:logger:---- New schedule  ----
DEBUG:logger:Batch inserting 240 tickets
DEBUG:logger:res: {'status': 200, 'errors': None, 'results': 63}
INFO:werkzeug:127.0.0.1 - - [09/Dec/2024 01:37:22] "POST /schedule HTTP/1.1" 200 -
INFO:logger:---- POST / schedule----
DEBUG:logger:req: {'date_time': '2024-03-15', 'flight_id': 6}
INFO:logger:---- New schedule  ----
DEBUG:logger:Batch inserting 240 tickets
DEBUG:logger:res: {'status': 200, 'errors': None, 'results': 64}
INFO:werkzeug:127.0.0.1 - - [09/Dec/2024 01:37:27] "POST /schedule HTTP/1.1" 200 -
INFO:logger:---- POST / schedule----
DEBUG:logger:req: {'date_time': '2024-03-19', 'flight_id': 6}
INFO:logger:---- New schedule  ----
DEBUG:logger:Batch inserting 240 tickets
DEBUG:logger:res: {'status': 200, 'errors': None, 'results': 65}
INFO:werkzeug:127.0.0.1 - - [09/Dec/2024 01:37:30] "POST /schedule HTTP/1.1" 200 -
INFO:logger:---- POST / schedule----
DEBUG:logger:req: {'date_time': '2024-03-29', 'flight_id': 6}
INFO:logger:---- New schedule  ----
DEBUG:logger:Batch inserting 240 tickets
DEBUG:logger:res: {'status': 200, 'errors': None, 'results': 66}
INFO:werkzeug:127.0.0.1 - - [09/Dec/2024 01:37:35] "POST /schedule HTTP/1.1" 200 -
INFO:logger:---- POST / schedule----
DEBUG:logger:req: {'date_time': '2024-03-29', 'flight_id': 8}
INFO:logger:---- New schedule  ----
DEBUG:logger:Batch inserting 210 tickets
DEBUG:logger:res: {'status': 200, 'errors': None, 'results': 67}
INFO:werkzeug:127.0.0.1 - - [09/Dec/2024 01:38:07] "POST /schedule HTTP/1.1" 200 -
INFO:logger:---- POST / schedule----
DEBUG:logger:req: {'date_time': '2024-03-09', 'flight_id': 10}
INFO:logger:---- New schedule  ----
DEBUG:logger:Batch inserting 260 tickets
DEBUG:logger:res: {'status': 200, 'errors': None, 'results': 68}
INFO:werkzeug:127.0.0.1 - - [09/Dec/2024 01:38:17] "POST /schedule HTTP/1.1" 200 -
INFO:logger:---- POST / schedule----
DEBUG:logger:req: {'date_time': '2024-04-09', 'flight_id': 10}
INFO:logger:---- New schedule  ----
DEBUG:logger:Batch inserting 260 tickets
DEBUG:logger:res: {'status': 200, 'errors': None, 'results': 69}
INFO:werkzeug:127.0.0.1 - - [09/Dec/2024 01:38:21] "POST /schedule HTTP/1.1" 200 -
INFO:logger:---- POST / schedule----
DEBUG:logger:req: {'date_time': '2024-04-09', 'flight_id': 12}
INFO:logger:---- New schedule  ----
DEBUG:logger:Batch inserting 56 tickets
DEBUG:logger:res: {'status': 200, 'errors': None, 'results': 70}
INFO:werkzeug:127.0.0.1 - - [09/Dec/2024 01:38:26] "POST /schedule HTTP/1.1" 200 -
INFO:logger:---- POST / schedule----
DEBUG:logger:req: {'date_time': '2024-04-10', 'flight_id': 12}
INFO:logger:---- New schedule  ----
DEBUG:logger:Batch inserting 56 tickets
DEBUG:logger:res: {'status': 200, 'errors': None, 'results': 71}
INFO:werkzeug:127.0.0.1 - - [09/Dec/2024 01:38:30] "POST /schedule HTTP/1.1" 200 -
INFO:logger:---- POST / schedule----
DEBUG:logger:req: {'date_time': '2024-04-13', 'flight_id': 12}
INFO:logger:---- New schedule  ----
DEBUG:logger:Batch inserting 56 tickets
DEBUG:logger:res: {'status': 200, 'errors': None, 'results': 72}
INFO:werkzeug:127.0.0.1 - - [09/Dec/2024 01:38:33] "POST /schedule HTTP/1.1" 200 -
INFO:logger:---- POST / schedule----
DEBUG:logger:req: {'date_time': '2024-04-13', 'flight_id': 9}
INFO:logger:---- New schedule  ----
DEBUG:logger:Batch inserting 200 tickets
DEBUG:logger:res: {'status': 200, 'errors': None, 'results': 73}
INFO:werkzeug:127.0.0.1 - - [09/Dec/2024 01:38:38] "POST /schedule HTTP/1.1" 200 -
INFO:logger:---- POST / schedule----
DEBUG:logger:req: {'date_time': '2024-04-18', 'flight_id': 5}
INFO:logger:---- New schedule  ----
DEBUG:logger:Batch inserting 190 tickets
DEBUG:logger:res: {'status': 200, 'errors': None, 'results': 74}
INFO:werkzeug:127.0.0.1 - - [09/Dec/2024 01:38:49] "POST /schedule HTTP/1.1" 200 -
INFO:logger:---- POST / schedule----
DEBUG:logger:req: {'date_time': '2024-05-18', 'flight_id': 5}
INFO:logger:---- New schedule  ----
DEBUG:logger:Batch inserting 190 tickets
DEBUG:logger:res: {'status': 200, 'errors': None, 'results': 75}
INFO:werkzeug:127.0.0.1 - - [09/Dec/2024 01:39:09] "POST /schedule HTTP/1.1" 200 -
INFO:logger:---- POST / schedule----
DEBUG:logger:req: {'date_time': '2024-05-16', 'flight_id': 5}
INFO:logger:---- New schedule  ----
DEBUG:logger:Batch inserting 190 tickets
DEBUG:logger:res: {'status': 200, 'errors': None, 'results': 76}
INFO:werkzeug:127.0.0.1 - - [09/Dec/2024 01:39:14] "POST /schedule HTTP/1.1" 200 -
INFO:logger:---- POST / schedule----
DEBUG:logger:req: {'date_time': '2024-05-13', 'flight_id': 5}
INFO:logger:---- New schedule  ----
DEBUG:logger:Batch inserting 190 tickets
DEBUG:logger:res: {'status': 200, 'errors': None, 'results': 77}
INFO:werkzeug:127.0.0.1 - - [09/Dec/2024 01:39:34] "POST /schedule HTTP/1.1" 200 -
INFO:logger:---- POST / schedule----
DEBUG:logger:req: {'date_time': '2024-05-16', 'flight_id': 13}
ERROR:logger:Flight id does not exist!
INFO:werkzeug:127.0.0.1 - - [09/Dec/2024 01:39:58] "POST /schedule HTTP/1.1" 200 -
INFO:logger:---- POST / schedule----
DEBUG:logger:req: {'date_time': '2024-05-16', 'flight_id': 11}
INFO:logger:---- New schedule  ----
DEBUG:logger:Batch inserting 100 tickets
DEBUG:logger:res: {'status': 200, 'errors': None, 'results': 78}
INFO:werkzeug:127.0.0.1 - - [09/Dec/2024 01:40:03] "POST /schedule HTTP/1.1" 200 -
INFO:logger:---- POST / schedule----
DEBUG:logger:req: {'date_time': '2024-06-17', 'flight_id': 11}
INFO:logger:---- New schedule  ----
DEBUG:logger:Batch inserting 100 tickets
DEBUG:logger:res: {'status': 200, 'errors': None, 'results': 79}
INFO:werkzeug:127.0.0.1 - - [09/Dec/2024 01:40:13] "POST /schedule HTTP/1.1" 200 -
INFO:logger:---- POST / schedule----
DEBUG:logger:req: {'date_time': '2024-06-21', 'flight_id': 10}
INFO:logger:---- New schedule  ----
DEBUG:logger:Batch inserting 260 tickets
DEBUG:logger:res: {'status': 200, 'errors': None, 'results': 80}
INFO:werkzeug:127.0.0.1 - - [09/Dec/2024 01:40:21] "POST /schedule HTTP/1.1" 200 -
INFO:logger:---- POST / schedule----
DEBUG:logger:req: {'date_time': '2024-06-24', 'flight_id': 10}
INFO:logger:---- New schedule  ----
DEBUG:logger:Batch inserting 260 tickets
DEBUG:logger:res: {'status': 200, 'errors': None, 'results': 81}
INFO:werkzeug:127.0.0.1 - - [09/Dec/2024 01:40:26] "POST /schedule HTTP/1.1" 200 -
INFO:logger:---- POST / schedule----
DEBUG:logger:req: {'date_time': '2024-07-25', 'flight_id': 7}
INFO:logger:---- New schedule  ----
DEBUG:logger:Batch inserting 230 tickets
DEBUG:logger:res: {'status': 200, 'errors': None, 'results': 82}
INFO:werkzeug:127.0.0.1 - - [09/Dec/2024 01:40:42] "POST /schedule HTTP/1.1" 200 -
INFO:logger:---- POST / schedule----
DEBUG:logger:req: {'date_time': '2024-07-30', 'flight_id': 7}
INFO:logger:---- New schedule  ----
DEBUG:logger:Batch inserting 230 tickets
DEBUG:logger:res: {'status': 200, 'errors': None, 'results': 83}
INFO:werkzeug:127.0.0.1 - - [09/Dec/2024 01:40:46] "POST /schedule HTTP/1.1" 200 -
INFO:logger:---- POST / schedule----
DEBUG:logger:req: {'date_time': '2024-07-20', 'flight_id': 7}
INFO:logger:---- New schedule  ----
DEBUG:logger:Batch inserting 230 tickets
DEBUG:logger:res: {'status': 200, 'errors': None, 'results': 84}
INFO:werkzeug:127.0.0.1 - - [09/Dec/2024 01:40:53] "POST /schedule HTTP/1.1" 200 -
INFO:logger:---- POST / schedule----
DEBUG:logger:req: {'date_time': '2024-07-20', 'flight_id': 6}
INFO:logger:---- New schedule  ----
DEBUG:logger:Batch inserting 240 tickets
DEBUG:logger:res: {'status': 200, 'errors': None, 'results': 85}
INFO:werkzeug:127.0.0.1 - - [09/Dec/2024 01:40:59] "POST /schedule HTTP/1.1" 200 -
INFO:logger:---- POST / schedule----
DEBUG:logger:req: {'date_time': '2024-08-20', 'flight_id': 6}
INFO:logger:---- New schedule  ----
DEBUG:logger:Batch inserting 240 tickets
DEBUG:logger:res: {'status': 200, 'errors': None, 'results': 86}
INFO:werkzeug:127.0.0.1 - - [09/Dec/2024 01:41:03] "POST /schedule HTTP/1.1" 200 -
INFO:logger:---- POST / schedule----
DEBUG:logger:req: {'date_time': '2024-08-22', 'flight_id': 6}
INFO:logger:---- New schedule  ----
DEBUG:logger:Batch inserting 240 tickets
DEBUG:logger:res: {'status': 200, 'errors': None, 'results': 87}
INFO:werkzeug:127.0.0.1 - - [09/Dec/2024 01:41:07] "POST /schedule HTTP/1.1" 200 -
INFO:logger:---- POST / schedule----
DEBUG:logger:req: {'date_time': '2024-08-24', 'flight_id': 8}
INFO:logger:---- New schedule  ----
DEBUG:logger:Batch inserting 210 tickets
DEBUG:logger:res: {'status': 200, 'errors': None, 'results': 88}
INFO:werkzeug:127.0.0.1 - - [09/Dec/2024 01:41:16] "POST /schedule HTTP/1.1" 200 -
INFO:logger:---- POST / schedule----
DEBUG:logger:req: {'date_time': '2024-09-24', 'flight_id': 8}
INFO:logger:---- New schedule  ----
DEBUG:logger:Batch inserting 210 tickets
DEBUG:logger:res: {'status': 200, 'errors': None, 'results': 89}
INFO:werkzeug:127.0.0.1 - - [09/Dec/2024 01:41:26] "POST /schedule HTTP/1.1" 200 -
INFO:logger:---- POST / schedule----
DEBUG:logger:req: {'date_time': '2024-09-22', 'flight_id': 8}
INFO:logger:---- New schedule  ----
DEBUG:logger:Batch inserting 210 tickets
DEBUG:logger:res: {'status': 200, 'errors': None, 'results': 90}
INFO:werkzeug:127.0.0.1 - - [09/Dec/2024 01:41:30] "POST /schedule HTTP/1.1" 200 -
INFO:logger:---- POST / schedule----
DEBUG:logger:req: {'date_time': '2024-09-10', 'flight_id': 8}
INFO:logger:---- New schedule  ----
DEBUG:logger:Batch inserting 210 tickets
DEBUG:logger:res: {'status': 200, 'errors': None, 'results': 91}
INFO:werkzeug:127.0.0.1 - - [09/Dec/2024 01:41:36] "POST /schedule HTTP/1.1" 200 -
INFO:logger:---- POST / schedule----
DEBUG:logger:req: {'date_time': '2024-09-11', 'flight_id': 3}
INFO:logger:---- New schedule  ----
DEBUG:logger:Batch inserting 200 tickets
DEBUG:logger:res: {'status': 200, 'errors': None, 'results': 92}
INFO:werkzeug:127.0.0.1 - - [09/Dec/2024 01:41:42] "POST /schedule HTTP/1.1" 200 -
INFO:logger:---- POST / schedule----
DEBUG:logger:req: {'date_time': '2024-09-12', 'flight_id': 1}
INFO:logger:---- New schedule  ----
DEBUG:logger:Batch inserting 180 tickets
DEBUG:logger:res: {'status': 200, 'errors': None, 'results': 93}
INFO:werkzeug:127.0.0.1 - - [09/Dec/2024 01:41:51] "POST /schedule HTTP/1.1" 200 -
INFO:logger:---- POST / schedule----
DEBUG:logger:req: {'date_time': '2024-09-14', 'flight_id': 1}
INFO:logger:---- New schedule  ----
DEBUG:logger:Batch inserting 180 tickets
DEBUG:logger:res: {'status': 200, 'errors': None, 'results': 94}
INFO:werkzeug:127.0.0.1 - - [09/Dec/2024 01:41:54] "POST /schedule HTTP/1.1" 200 -
INFO:logger:---- POST / schedule----
DEBUG:logger:req: {'date_time': '2024-10-14', 'flight_id': 1}
INFO:logger:---- New schedule  ----
DEBUG:logger:Batch inserting 180 tickets
DEBUG:logger:res: {'status': 200, 'errors': None, 'results': 95}
INFO:werkzeug:127.0.0.1 - - [09/Dec/2024 01:42:03] "POST /schedule HTTP/1.1" 200 -
INFO:logger:---- POST / schedule----
DEBUG:logger:req: {'date_time': '2024-10-14', 'flight_id': 1}
ERROR:logger:There is already a flight with the same id on the given date!
INFO:werkzeug:127.0.0.1 - - [09/Dec/2024 01:42:13] "POST /schedule HTTP/1.1" 200 -
INFO:logger:---- POST / schedule----
DEBUG:logger:req: {'date_time': '2024-10-16', 'flight_id': 1}
INFO:logger:---- New schedule  ----
DEBUG:logger:Batch inserting 180 tickets
DEBUG:logger:res: {'status': 200, 'errors': None, 'results': 96}
INFO:werkzeug:127.0.0.1 - - [09/Dec/2024 01:42:19] "POST /schedule HTTP/1.1" 200 -
INFO:logger:---- POST / schedule----
DEBUG:logger:req: {'date_time': '2024-10-10', 'flight_id': 1}
INFO:logger:---- New schedule  ----
DEBUG:logger:Batch inserting 180 tickets
DEBUG:logger:res: {'status': 200, 'errors': None, 'results': 97}
INFO:werkzeug:127.0.0.1 - - [09/Dec/2024 01:42:24] "POST /schedule HTTP/1.1" 200 -
INFO:logger:---- POST / schedule----
DEBUG:logger:req: {'date_time': '2024-11-11', 'flight_id': 4}
INFO:logger:---- New schedule  ----
DEBUG:logger:Batch inserting 250 tickets
DEBUG:logger:res: {'status': 200, 'errors': None, 'results': 98}
INFO:werkzeug:127.0.0.1 - - [09/Dec/2024 01:42:33] "POST /schedule HTTP/1.1" 200 -
INFO:logger:---- POST / schedule----
DEBUG:logger:req: {'date_time': '2024-11-05', 'flight_id': 4}
INFO:logger:---- New schedule  ----
DEBUG:logger:Batch inserting 250 tickets
DEBUG:logger:res: {'status': 200, 'errors': None, 'results': 99}
INFO:werkzeug:127.0.0.1 - - [09/Dec/2024 01:42:37] "POST /schedule HTTP/1.1" 200 -
INFO:logger:---- POST / schedule----
DEBUG:logger:req: {'date_time': '2024-11-06', 'flight_id': 5}
INFO:logger:---- New schedule  ----
DEBUG:logger:Batch inserting 190 tickets
DEBUG:logger:res: {'status': 200, 'errors': None, 'results': 100}
INFO:werkzeug:127.0.0.1 - - [09/Dec/2024 01:42:47] "POST /schedule HTTP/1.1" 200 -
INFO:logger:---- POST / schedule----
DEBUG:logger:req: {'date_time': '2024-11-07', 'flight_id': 5}
INFO:logger:---- New schedule  ----
DEBUG:logger:Batch inserting 190 tickets
DEBUG:logger:res: {'status': 200, 'errors': None, 'results': 101}
INFO:werkzeug:127.0.0.1 - - [09/Dec/2024 01:42:53] "POST /schedule HTTP/1.1" 200 -
INFO:logger:---- POST / schedule----
DEBUG:logger:req: {'date_time': '2024-12-07', 'flight_id': 6}
INFO:logger:---- New schedule  ----
DEBUG:logger:Batch inserting 240 tickets
DEBUG:logger:res: {'status': 200, 'errors': None, 'results': 102}
INFO:werkzeug:127.0.0.1 - - [09/Dec/2024 01:43:01] "POST /schedule HTTP/1.1" 200 -
INFO:logger:---- POST / schedule----
DEBUG:logger:req: {'date_time': '2024-12-08', 'flight_id': 6}
INFO:logger:---- New schedule  ----
DEBUG:logger:Batch inserting 240 tickets
DEBUG:logger:res: {'status': 200, 'errors': None, 'results': 103}
INFO:werkzeug:127.0.0.1 - - [09/Dec/2024 01:43:07] "POST /schedule HTTP/1.1" 200 -
INFO:logger:---- POST / register sys_user ----
DEBUG:logger:req: {'user_id': 6, 'username': 'admin2', 'email': 'admin2@example.com', 'password': 'user'}
DEBUG:logger:---- New costumer ----
DEBUG:logger:res: {'status': 200, 'errors': None, 'results': 6}
INFO:werkzeug:127.0.0.1 - - [09/Dec/2024 03:21:00] "POST /register/costumer HTTP/1.1" 200 -
INFO:werkzeug:127.0.0.1 - - [09/Dec/2024 03:43:21] "GET / HTTP/1.1" 200 -
INFO:logger:
---------------------------------------------------------------
API v1.0 online: http://localhost:8080/projeto


INFO:werkzeug:[31m[1mWARNING: This is a development server. Do not use it in a production deployment. Use a production WSGI server instead.[0m
 * Running on all addresses (0.0.0.0)
 * Running on http://127.0.0.1:8080
 * Running on http://192.168.0.194:8080
INFO:werkzeug:[33mPress CTRL+C to quit[0m
INFO:werkzeug: * Restarting with stat
INFO:logger:
---------------------------------------------------------------
API v1.0 online: http://localhost:8080/projeto


WARNING:werkzeug: * Debugger is active!
INFO:werkzeug: * Debugger PIN: 822-405-388
INFO:logger:---- GET / routes ----
DEBUG:logger:req: {'origin': 5, 'destiny': 6}
INFO:logger:---- Routes with the given info ----
DEBUG:logger:res: {'status': 200, 'errors': None, 'results': [{'origin': 5, 'destiny': 6, 'flight_id': 1, 'schedules': datetime.datetime(2024, 1, 1, 0, 0)}, {'origin': 5, 'destiny': 6, 'flight_id': 10, 'schedules': datetime.datetime(2024, 5, 5, 0, 0)}, {'origin': 5, 'destiny': 6, 'flight_id': 1, 'schedules': datetime.datetime(2024, 6, 2, 0, 0)}, {'origin': 5, 'destiny': 6, 'flight_id': 10, 'schedules': datetime.datetime(2024, 10, 5, 0, 0)}, {'origin': 5, 'destiny': 6, 'flight_id': 1, 'schedules': datetime.datetime(2024, 10, 20, 0, 0)}, {'origin': 5, 'destiny': 6, 'flight_id': 10, 'schedules': datetime.datetime(2024, 10, 24, 0, 0)}, {'origin': 5, 'destiny': 6, 'flight_id': 1, 'schedules': datetime.datetime(2024, 6, 10, 0, 0)}, {'origin': 5, 'destiny': 6, 'flight_id': 1, 'schedules': datetime.datetime(2024, 4, 9, 0, 0)}, {'origin': 5, 'destiny': 6, 'flight_id': 10, 'schedules': datetime.datetime(2024, 1, 22, 0, 0)}, {'origin': 5, 'destiny': 6, 'flight_id': 10, 'schedules': datetime.datetime(2024, 3, 9, 0, 0)}, {'origin': 5, 'destiny': 6, 'flight_id': 10, 'schedules': datetime.datetime(2024, 4, 9, 0, 0)}, {'origin': 5, 'destiny': 6, 'flight_id': 10, 'schedules': datetime.datetime(2024, 6, 21, 0, 0)}, {'origin': 5, 'destiny': 6, 'flight_id': 10, 'schedules': datetime.datetime(2024, 6, 24, 0, 0)}, {'origin': 5, 'destiny': 6, 'flight_id': 1, 'schedules': datetime.datetime(2024, 9, 12, 0, 0)}, {'origin': 5, 'destiny': 6, 'flight_id': 1, 'schedules': datetime.datetime(2024, 9, 14, 0, 0)}, {'origin': 5, 'destiny': 6, 'flight_id': 1, 'schedules': datetime.datetime(2024, 10, 14, 0, 0)}, {'origin': 5, 'destiny': 6, 'flight_id': 1, 'schedules': datetime.datetime(2024, 10, 16, 0, 0)}, {'origin': 5, 'destiny': 6, 'flight_id': 1, 'schedules': datetime.datetime(2024, 10, 10, 0, 0)}]}
INFO:werkzeug:127.0.0.1 - - [09/Dec/2024 03:51:07] "GET /check_routes HTTP/1.1" 200 -
INFO:logger:---- POST / register sys_user ----
DEBUG:logger:req: {'user_id': 6, 'username': 'admin2', 'email': 'admin2@example.com', 'password': 'user'}
ERROR:logger:error: The user_id already exists!!
CONTEXT:  PL/pgSQL function add_costumer(integer,character varying,character varying,character varying) line 11 at RAISE

DEBUG:logger:res: {'status': 500, 'errors': 'error: The user_id already exists!!\nCONTEXT:  PL/pgSQL function add_costumer(integer,character varying,character varying,character varying) line 11 at RAISE\n', 'results': None}
INFO:werkzeug:127.0.0.1 - - [09/Dec/2024 03:52:16] "POST /register/costumer HTTP/1.1" 200 -
INFO:logger:---- POST / register sys_user ----
DEBUG:logger:req: {'user_id': 12, 'username': 'admin2', 'email': 'admin2@example.com', 'password': 'user'}
DEBUG:logger:---- New administrator ----
DEBUG:logger:res: {'status': 200, 'errors': None, 'results': 12}
INFO:werkzeug:127.0.0.1 - - [09/Dec/2024 03:53:03] "POST /register/administrator HTTP/1.1" 200 -
INFO:logger:
---------------------------------------------------------------
API v1.0 online: http://localhost:8080/projeto


INFO:werkzeug:[31m[1mWARNING: This is a development server. Do not use it in a production deployment. Use a production WSGI server instead.[0m
 * Running on all addresses (0.0.0.0)
 * Running on http://127.0.0.1:8080
 * Running on http://192.168.0.194:8080
INFO:werkzeug:[33mPress CTRL+C to quit[0m
INFO:werkzeug: * Restarting with watchdog (fsevents)
INFO:logger:
---------------------------------------------------------------
API v1.0 online: http://localhost:8080/projeto


WARNING:werkzeug: * Debugger is active!
INFO:werkzeug: * Debugger PIN: 629-049-101
INFO:werkzeug: * Detected change in '/Users/laura_barreto06/sgd-demo-2024-main/python/app/demo-api-sgd.py', reloading
INFO:werkzeug: * Restarting with watchdog (fsevents)
INFO:logger:
---------------------------------------------------------------
API v1.0 online: http://localhost:8080/projeto


WARNING:werkzeug: * Debugger is active!
INFO:werkzeug: * Debugger PIN: 629-049-101
INFO:werkzeug: * Detected change in '/Users/laura_barreto06/sgd-demo-2024-main/python/app/demo-api-sgd.py', reloading
INFO:werkzeug: * Restarting with watchdog (fsevents)
INFO:logger:
---------------------------------------------------------------
API v1.0 online: http://localhost:8080/projeto


WARNING:werkzeug: * Debugger is active!
INFO:werkzeug: * Debugger PIN: 629-049-101
INFO:werkzeug: * Detected change in '/Users/laura_barreto06/sgd-demo-2024-main/python/app/demo-api-sgd.py', reloading
INFO:werkzeug: * Restarting with watchdog (fsevents)
INFO:logger:
---------------------------------------------------------------
API v1.0 online: http://localhost:8080/projeto


WARNING:werkzeug: * Debugger is active!
INFO:werkzeug: * Debugger PIN: 629-049-101
INFO:werkzeug: * Detected change in '/Users/laura_barreto06/sgd-demo-2024-main/python/app/demo-api-sgd.py', reloading
INFO:werkzeug: * Restarting with watchdog (fsevents)
INFO:logger:
---------------------------------------------------------------
API v1.0 online: http://localhost:8080/projeto


WARNING:werkzeug: * Debugger is active!
INFO:werkzeug: * Debugger PIN: 629-049-101
INFO:werkzeug: * Detected change in '/Users/laura_barreto06/sgd-demo-2024-main/python/app/demo-api-sgd.py', reloading
INFO:werkzeug: * Restarting with watchdog (fsevents)
INFO:logger:
---------------------------------------------------------------
API v1.0 online: http://localhost:8080/projeto


WARNING:werkzeug: * Debugger is active!
INFO:werkzeug: * Debugger PIN: 629-049-101
INFO:werkzeug: * Detected change in '/Users/laura_barreto06/sgd-demo-2024-main/python/app/demo-api-sgd.py', reloading
INFO:werkzeug: * Restarting with watchdog (fsevents)
INFO:logger:
---------------------------------------------------------------
API v1.0 online: http://localhost:8080/projeto


WARNING:werkzeug: * Debugger is active!
INFO:werkzeug: * Debugger PIN: 629-049-101
INFO:werkzeug: * Detected change in '/Users/laura_barreto06/sgd-demo-2024-main/python/app/demo-api-sgd.py', reloading
INFO:werkzeug: * Restarting with watchdog (fsevents)
INFO:logger:
---------------------------------------------------------------
API v1.0 online: http://localhost:8080/projeto


WARNING:werkzeug: * Debugger is active!
INFO:werkzeug: * Debugger PIN: 629-049-101
INFO:werkzeug: * Detected change in '/Users/laura_barreto06/sgd-demo-2024-main/python/app/demo-api-sgd.py', reloading
INFO:werkzeug: * Detected change in '/Users/laura_barreto06/sgd-demo-2024-main/python/app/demo-api-sgd.py', reloading
INFO:werkzeug: * Restarting with watchdog (fsevents)
INFO:logger:
---------------------------------------------------------------
API v1.0 online: http://localhost:8080/projeto


WARNING:werkzeug: * Debugger is active!
INFO:werkzeug: * Debugger PIN: 629-049-101
INFO:werkzeug: * Detected change in '/Users/laura_barreto06/sgd-demo-2024-main/python/app/demo-api-sgd.py', reloading
INFO:werkzeug: * Restarting with watchdog (fsevents)
INFO:logger:
---------------------------------------------------------------
API v1.0 online: http://localhost:8080/projeto


WARNING:werkzeug: * Debugger is active!
INFO:werkzeug: * Debugger PIN: 629-049-101
INFO:werkzeug: * Detected change in '/Users/laura_barreto06/sgd-demo-2024-main/python/app/demo-api-sgd.py', reloading
INFO:werkzeug: * Restarting with watchdog (fsevents)
INFO:logger:
---------------------------------------------------------------
API v1.0 online: http://localhost:8080/projeto


WARNING:werkzeug: * Debugger is active!
INFO:werkzeug: * Debugger PIN: 629-049-101
INFO:werkzeug: * Detected change in '/Users/laura_barreto06/sgd-demo-2024-main/python/app/demo-api-sgd.py', reloading
INFO:werkzeug: * Restarting with watchdog (fsevents)
INFO:logger:
---------------------------------------------------------------
API v1.0 online: http://localhost:8080/projeto


WARNING:werkzeug: * Debugger is active!
INFO:werkzeug: * Debugger PIN: 629-049-101
INFO:werkzeug: * Detected change in '/Users/laura_barreto06/sgd-demo-2024-main/python/app/demo-api-sgd.py', reloading
INFO:werkzeug: * Restarting with watchdog (fsevents)
INFO:logger:
---------------------------------------------------------------
API v1.0 online: http://localhost:8080/projeto


WARNING:werkzeug: * Debugger is active!
INFO:werkzeug: * Debugger PIN: 629-049-101
INFO:werkzeug: * Detected change in '/Users/laura_barreto06/sgd-demo-2024-main/python/app/demo-api-sgd.py', reloading
INFO:werkzeug: * Detected change in '/Users/laura_barreto06/sgd-demo-2024-main/python/app/demo-api-sgd.py', reloading
INFO:werkzeug: * Restarting with watchdog (fsevents)
INFO:logger:
---------------------------------------------------------------
API v1.0 online: http://localhost:8080/projeto


WARNING:werkzeug: * Debugger is active!
INFO:werkzeug: * Debugger PIN: 629-049-101
INFO:logger:
---------------------------------------------------------------
API v1.0 online: http://localhost:8080/projeto


INFO:werkzeug:[31m[1mWARNING: This is a development server. Do not use it in a production deployment. Use a production WSGI server instead.[0m
 * Running on all addresses (0.0.0.0)
 * Running on http://127.0.0.1:8080
 * Running on http://192.168.0.194:8080
INFO:werkzeug:[33mPress CTRL+C to quit[0m
INFO:werkzeug: * Restarting with stat
INFO:logger:
---------------------------------------------------------------
API v1.0 online: http://localhost:8080/projeto


WARNING:werkzeug: * Debugger is active!
INFO:werkzeug: * Debugger PIN: 822-405-388
INFO:logger:---- GET / check available seats ----
INFO:logger:---- Check available seats ----
DEBUG:logger:res: {'status': 200, 'errors': None, 'results': ['10a', '10b', '10c', '10d', '10e', '10f', '11a', '11b', '11c', '11d', '11e', '11f', '12a', '12b', '12c', '12d', '12e', '12f', '13a', '13b', '13c', '13d', '13e', '13f', '14a', '14b', '14c', '14d', '14e', '14f', '15c', '15d', '1b', '1c', '1d', '1e', '1f', '2a', '2b', '2c', '2d', '2e', '2f', '3a', '3b', '3c', '3d', '3e', '3f', '4a', '4b', '4c', '4d', '4e', '4f', '5a', '5b', '5c', '5d', '5e', '5f', '6a', '6b', '6c', '6d', '6e', '6f', '7a', '7b', '7c', '7d', '7e', '7f', '8a', '8b', '8c', '8d', '8e', '8f', '9a', '9b', '9c', '9d', '9e', '9f']}
INFO:werkzeug:127.0.0.1 - - [09/Dec/2024 06:22:25] "GET /check_seats HTTP/1.1" 200 -
INFO:werkzeug: * Detected change in '/Users/laura_barreto06/sgd-demo-2024-main/python/app/demo-api-sgd.py', reloading
INFO:werkzeug: * Restarting with stat
INFO:logger:
---------------------------------------------------------------
API v1.0 online: http://localhost:8080/projeto


WARNING:werkzeug: * Debugger is active!
INFO:werkzeug: * Debugger PIN: 822-405-388
